#,Name,Team,GS,G,IP,W,L,QS,SV,HLD,H,ER,HR,SO,BB,K/9,BB/9,K/BB,HR/9,AVG,WHIP,BABIP,LOB%,ERA,FIP,ADP,InterSD,InterSK,IntraSD
1,Edwin Díaz,NYM,0,60,61.2,3,2,0,33,1,44,19,6,96,21,14.07,3.11,4.53,0.84,0.196,1.05,0.315,78.40%,2.73,2.54,42.5,3.53,-0.49,2.05
2,Jhoan Duran,MIN,0,61,64,4,3,0,33,2,50,20,5,85,22,12.02,3.15,3.81,0.72,0.212,1.13,0.309,77.60%,2.82,2.84,51.5,2.28,0.2,2.06
3,Pete Fairbanks,TBR,0,54,53.2,3,3,0,29,3,39,17,5,74,20,12.49,3.45,3.62,0.77,0.199,1.1,0.296,76.90%,2.87,2.88,88.7,2.6,-0.09,1.92
4,David Bednar,PIT,0,61,63.2,3,3,0,31,2,53,23,6,76,21,10.71,2.94,3.64,0.87,0.225,1.17,0.303,75.20%,3.24,3.22,64.5,1.85,-0.69,1.96
5,José Alvarado,PHI,0,63,63,3,3,0,23,8,49,22,5,86,30,12.3,4.23,2.91,0.73,0.21,1.24,0.311,77.00%,3.09,3.11,160.9,2.68,-0.36,1.58
6,Emmanuel Clase,CLE,0,65,66,4,4,0,35,1,58,22,5,65,15,8.8,2.01,4.37,0.62,0.231,1.1,0.295,74.10%,2.94,2.95,52.7,1.5,0.07,2.23
7,Tanner Scott,MIA,0,66,66.2,4,3,0,26,5,52,24,5,88,29,11.89,3.9,3.05,0.68,0.213,1.22,0.309,74.90%,3.19,3.08,98,2.5,-0.42,1.64
8,Devin Williams,MIL,0,62,62.1,5,3,0,33,2,43,20,5,89,29,12.84,4.25,3.02,0.79,0.191,1.16,0.288,78.80%,2.83,3.08,43.1,2.45,0.64,1.94
9,A.J. Minter,ATL,0,63,61.1,4,3,0,5,18,52,24,6,76,20,11.17,2.97,3.77,0.94,0.227,1.18,0.31,73.70%,3.46,3.2,452.7,1.79,-1.46,0.81
10,Garrett Whitlock,BOS,4,56,83.1,5,4,1,2,11,81,36,11,84,19,9.07,2,4.53,1.19,0.251,1.2,0.308,71.30%,3.93,3.74,381.9,4.33,-2.08,0.45
11,Ryan Helsley,STL,0,57,60.2,4,3,0,26,4,45,21,6,79,26,11.8,3.82,3.09,0.89,0.205,1.17,0.29,76.90%,3.13,3.29,92.7,2.54,-0.92,1.61
12,Andrés Muñoz,SEA,0,57,57.2,4,4,0,26,4,44,19,5,77,21,12.02,3.33,3.6,0.72,0.207,1.13,0.303,76.00%,2.95,2.92,85,3.54,-0.21,1.69
13,Camilo Doval,SFG,0,62,63.1,4,4,0,31,2,52,23,5,77,27,10.97,3.77,2.91,0.7,0.219,1.23,0.304,74.30%,3.29,3.28,56.3,2.26,-2.55,1.94
14,Matt Brash,SEA,0,58,59.2,4,3,0,11,15,48,22,5,82,27,12.37,4.05,3.06,0.73,0.216,1.25,0.32,75.00%,3.29,3.06,284.9,3.27,-1.28,0.88
15,Bryan Abreu,HOU,0,61,64,3,2,0,3,17,48,22,6,86,28,12.09,3.94,3.07,0.82,0.205,1.19,0.297,77.60%,3.03,3.23,360.3,1.25,1.49,1.05
16,Trevor Megill,MIL,0,53,57,3,2,0,2,9,51,25,7,73,22,11.62,3.41,3.41,1.07,0.236,1.27,0.325,72.40%,3.91,3.47,704.3,4.89,-0.52,0.6
17,Mason Miller,OAK,2,51,61.2,3,3,0,12,8,46,23,6,79,26,11.57,3.78,3.06,0.95,0.206,1.17,0.285,74.30%,3.4,3.48,216.8,6.41,-0.11,1.1
18,Matt Strahm,PHI,1,59,65.1,5,4,0,1,9,56,27,9,77,19,10.6,2.56,4.15,1.2,0.228,1.14,0.296,73.40%,3.65,3.64,497.8,2.26,-0.84,0.74
19,Josh Hader,HOU,0,60,59,3,3,0,34,2,42,20,7,85,26,13.03,4.01,3.25,1.04,0.197,1.16,0.291,79.00%,3.08,3.36,46.5,1.54,0.09,2.14
20,Aroldis Chapman,PIT,0,58,58,4,4,0,4,14,41,21,5,87,35,13.55,5.39,2.51,0.83,0.197,1.31,0.307,76.90%,3.33,3.36,379.9,3.36,-0.45,0.74
21,Yuki Matsui,SDP,0,60,60.2,3,2,0,12,11,49,24,6,77,26,11.4,3.9,2.93,0.9,0.219,1.25,0.304,74.00%,3.54,3.42,999,4.97,-3.04,1.06
22,A.J. Puk,MIA,1,59,62.2,5,4,0,6,12,56,26,8,75,20,10.8,2.81,3.84,1.15,0.235,1.2,0.309,73.70%,3.71,3.63,380.2,2.11,-2.82,0.63
23,Reynaldo López,ATL,2,58,69.2,5,4,1,3,13,61,29,9,80,25,10.3,3.18,3.24,1.13,0.231,1.22,0.298,74.00%,3.71,3.75,455.6,1.54,-0.85,0.54
24,Raisel Iglesias,ATL,0,59,60.1,4,4,0,31,2,52,22,8,72,16,10.8,2.31,4.67,1.15,0.23,1.13,0.303,76.40%,3.33,3.38,60.3,1.47,1.8,1.92
25,Clay Holmes,NYY,0,61,63,4,3,0,29,4,54,23,5,66,23,9.43,3.34,2.82,0.65,0.227,1.22,0.297,73.30%,3.32,3.41,104,1.1,-1.1,1.88
26,Chris Martin,BOS,0,59,58,4,3,0,3,16,57,22,6,57,11,8.87,1.67,5.3,0.96,0.254,1.17,0.315,74.30%,3.42,3.32,460.1,1.82,0.43,0.92
27,Ryan Pressly,HOU,0,60,61.2,4,3,0,5,16,53,23,7,68,17,10.01,2.45,4.09,0.97,0.228,1.13,0.295,73.40%,3.39,3.32,297.3,1.3,1.66,0.92
28,Caleb Ferguson,NYY,1,57,55.1,4,3,0,1,13,48,21,5,63,22,10.27,3.6,2.85,0.84,0.232,1.27,0.308,74.60%,3.49,3.6,736.2,2.49,-0.5,0.76
29,JoJo Romero,STL,0,50,53.2,4,3,0,3,9,47,22,5,59,19,9.95,3.16,3.15,0.79,0.232,1.23,0.306,71.00%,3.68,3.36,675.8,3.55,-1.07,0.72
30,Joe Kelly,LAD,0,54,53.2,3,3,0,2,14,44,22,5,70,24,11.74,4.05,2.9,0.78,0.22,1.27,0.315,71.40%,3.73,3.3,743.3,4.56,-0.57,0.64
31,Hunter Harvey,WSN,0,58,60,3,3,0,13,13,52,24,7,67,17,10.01,2.57,3.89,1.1,0.23,1.15,0.294,73.70%,3.55,3.58,266.5,2.57,-0.22,1.13
32,Jordan Romano,TOR,0,57,59,4,4,0,31,1,49,22,7,69,21,10.59,3.27,3.24,1.05,0.222,1.19,0.292,76.00%,3.4,3.64,70.3,1.89,0.51,1.91
33,Shawn Armstrong,TBR,1,56,62.1,2,2,0,1,10,57,25,7,65,18,9.34,2.57,3.63,1.05,0.239,1.19,0.299,73.30%,3.63,3.72,747.6,2.09,-0.39,0.89
34,Aaron Bummer,ATL,0,58,57.2,4,3,0,1,14,49,24,4,69,27,10.81,4.15,2.61,0.68,0.228,1.32,0.314,70.90%,3.79,3.4,747.6,3.58,-1.77,0.51
35,Evan Phillips,LAD,0,60,61.2,4,3,0,28,4,50,22,7,69,19,10.14,2.7,3.76,1.01,0.219,1.11,0.283,75.90%,3.21,3.52,91.4,2.27,2.22,1.83
36,Brusdar Graterol,LAD,0,60,61,3,2,0,5,16,57,22,5,50,15,7.44,2.22,3.36,0.71,0.243,1.18,0.291,73.40%,3.26,3.53,412.2,1.61,0.8,1.08
37,Jason Adam,TBR,0,56,56.2,3,3,0,11,15,43,21,7,68,19,10.84,3.03,3.57,1.05,0.207,1.09,0.274,74.60%,3.3,3.65,320.1,1.12,0.16,1.15
38,Taylor Rogers,SFG,0,57,56.1,4,4,0,3,15,49,24,6,68,21,10.86,3.3,3.29,1,0.231,1.24,0.31,71.60%,3.84,3.58,681.9,2.26,-1.49,0.59
39,Ryan Walker,SFG,2,51,55.2,4,3,0,0,6,51,23,6,64,21,10.3,3.42,3.01,1.01,0.239,1.29,0.313,74.70%,3.68,3.69,747,2.34,-1.11,0.63
40,Adbert Alzolay,CHC,0,57,63.2,3,3,0,27,2,57,25,8,69,18,9.77,2.5,3.9,1.12,0.235,1.17,0.297,74.10%,3.57,3.7,114.4,1.79,-1.47,1.78
41,Kevin Ginkel,ARI,0,61,62.2,4,3,0,5,14,54,25,6,69,24,9.9,3.48,2.85,0.85,0.227,1.24,0.296,72.90%,3.58,3.57,485.8,1.77,1.66,0.71
42,Abner Uribe,MIL,0,58,57.2,3,2,0,1,14,43,22,4,75,35,11.72,5.5,2.13,0.66,0.205,1.36,0.296,74.80%,3.46,3.56,499.4,2.47,-2.41,0.82
43,Alex Vesia,LAD,0,57,55,3,3,0,1,13,45,23,7,70,22,11.52,3.56,3.23,1.2,0.222,1.22,0.299,74.50%,3.73,3.74,741.7,2.24,-1.92,0.68
44,Will Vest,DET,1,58,60,2,2,0,2,12,56,25,6,63,21,9.49,3.07,3.09,0.92,0.243,1.27,0.31,72.00%,3.8,3.61,709.1,2.07,-0.62,0.71
45,Ian Hamilton,NYY,0,52,60.1,3,3,0,1,9,51,24,5,68,27,10.16,3.97,2.56,0.82,0.226,1.29,0.299,73.70%,3.58,3.64,709.1,1.52,0.09,0.7
46,Orion Kerkering,PHI,0,52,52.1,3,2,0,3,8,47,22,6,60,18,10.34,3.11,3.32,1.02,0.236,1.24,0.309,72.90%,3.74,3.56,999,2.8,-0.84,0.74
47,Alexis Díaz,CIN,0,64,65.1,5,4,0,31,2,51,28,8,81,32,11.13,4.45,2.5,1.09,0.212,1.27,0.284,73.30%,3.84,4.08,76,3.35,0.64,1.87
48,Joel Payamps,MIL,0,61,65,4,4,0,3,17,61,27,8,64,19,8.87,2.62,3.39,1.12,0.243,1.22,0.296,73.90%,3.72,3.93,530.1,1.72,0.94,0.68
49,Andrew Nardi,MIA,0,64,64.1,5,3,0,4,16,55,26,8,79,27,11,3.75,2.94,1.09,0.227,1.27,0.303,74.90%,3.68,3.79,504,4.37,-0.16,0.53
50,Caleb Thielbar,MIN,0,53,52.2,3,2,0,1,15,46,22,7,63,17,10.79,2.84,3.81,1.23,0.232,1.19,0.302,74.40%,3.7,3.66,746.5,1.73,-1.06,0.78
51,Pierce Johnson,ATL,0,58,56.1,3,4,0,2,13,49,24,7,75,24,12.01,3.89,3.08,1.1,0.231,1.31,0.324,74.40%,3.82,3.56,653.8,3.83,-1.16,0.55
52,Josh Sborz,TEX,0,56,59.1,4,4,0,2,14,53,28,8,72,23,10.92,3.55,3.08,1.22,0.233,1.28,0.307,70.70%,4.21,3.86,581.1,3.29,-1.28,0.35
53,Tim Mayza,TOR,0,61,55.2,4,2,0,0,17,51,20,5,55,17,8.91,2.8,3.19,0.88,0.241,1.23,0.301,76.20%,3.28,3.57,749.1,1.91,-1.41,0.95
54,Gregory Santos,SEA,0,58,60.1,2,2,0,3,11,57,25,5,61,20,9.09,3.04,2.99,0.73,0.247,1.29,0.315,70.90%,3.77,3.46,999,2.77,-0.57,0.76
55,Sam Hentges,CLE,0,57,60.2,3,2,0,1,13,56,25,6,65,23,9.66,3.42,2.82,0.82,0.24,1.29,0.311,73.20%,3.65,3.52,749.8,3.33,-0.8,0.71
56,Jeff Hoffman,PHI,0,58,63,4,3,0,4,11,52,28,8,75,28,10.75,3.95,2.72,1.13,0.222,1.27,0.292,72.60%,3.94,3.98,446.6,2.02,-3.54,0.48
57,Robert Stephenson,LAA,0,58,57.2,3,3,0,13,12,47,24,9,72,18,11.2,2.78,4.03,1.41,0.22,1.13,0.286,73.50%,3.81,3.81,211.4,3.43,0.32,1.12
58,Brock Stewart,MIN,0,55,55.2,3,2,0,1,13,47,22,6,70,23,11.33,3.69,3.07,1.04,0.224,1.25,0.306,75.50%,3.54,3.61,644.5,4.7,-1.67,0.79
59,Colin Holderman,PIT,0,58,60,2,3,0,2,16,56,27,5,59,24,8.9,3.59,2.48,0.82,0.244,1.33,0.306,70.30%,4.02,3.82,743.6,2.77,-1.28,0.59
60,Garrett Crochet,CHW,5,52,70.2,4,5,1,0,6,61,31,8,79,36,10.04,4.61,2.18,1.02,0.23,1.38,0.297,74.30%,3.91,4.18,542.2,4.83,-1.66,0.5
61,John Schreiber,KCR,0,58,60.2,3,3,0,3,14,54,25,6,64,23,9.48,3.46,2.74,0.92,0.233,1.28,0.296,72.90%,3.73,3.8,695.6,2.28,-0.96,0.7
62,Julian Merryweather,CHC,0,60,62.2,3,3,0,3,15,54,27,8,77,26,11.08,3.69,3,1.14,0.23,1.28,0.307,73.80%,3.85,3.81,543.6,3.35,-1.29,0.55
63,Jason Foley,DET,0,60,61,2,2,0,7,14,63,25,5,50,17,7.37,2.53,2.91,0.7,0.262,1.31,0.314,71.40%,3.75,3.61,474.7,2.21,-0.78,0.91
64,Griffin Jax,MIN,1,54,61.1,4,4,1,2,16,56,27,7,63,19,9.23,2.74,3.37,1.06,0.239,1.22,0.298,70.00%,3.98,3.79,529.6,0.85,0.09,0.56
65,Erik Swanson,TOR,1,59,61,4,3,1,5,15,52,24,9,68,18,10.06,2.71,3.72,1.26,0.228,1.16,0.287,75.70%,3.56,3.83,515.3,0.85,0.3,0.85
66,Kenley Jansen,BOS,0,59,58.1,3,4,0,30,1,50,26,8,70,23,10.74,3.56,3.01,1.22,0.227,1.25,0.296,72.40%,3.99,3.95,121.3,1.6,-1.47,1.93
67,Gregory Soto,PHI,0,64,63,3,4,0,4,16,54,28,7,70,29,10.02,4.18,2.4,0.93,0.228,1.32,0.296,71.80%,3.94,3.92,602.3,2.43,-0.61,0.54
68,Yimi García,TOR,0,59,58,3,3,0,4,15,52,25,8,62,16,9.69,2.52,3.85,1.2,0.236,1.18,0.295,71.90%,3.84,3.85,734.1,2.06,-0.92,0.81
69,Fernando Cruz,CIN,0,43,45.2,2,2,0,0,6,39,21,6,60,20,11.87,3.93,3.02,1.25,0.226,1.29,0.31,71.10%,4.22,3.89,736.4,2.91,-0.11,0.63
70,Hoby Milner,MIL,0,60,58.2,2,2,0,0,13,56,24,7,56,15,8.54,2.24,3.81,1.13,0.248,1.21,0.299,73.40%,3.72,3.89,744.1,1.13,0.2,0.86
71,Héctor Neris,CHC,0,64,64.2,4,4,0,6,16,54,27,8,73,26,10.15,3.59,2.83,1.17,0.225,1.24,0.286,74.10%,3.78,4.06,417.6,2.44,0.75,0.59
72,Yariel Rodriguez,TOR,6,42,71,3,3,2,0,1,65,34,9,72,33,9.11,4.24,2.15,1.1,0.241,1.39,0.297,70.90%,4.36,4.41,999,3.53,-1.07,0.29
73,David Robertson,TEX,0,57,59.2,3,4,0,9,11,51,26,8,68,26,10.28,3.91,2.63,1.14,0.228,1.29,0.294,74.10%,3.86,4.06,321.5,1.82,0.47,0.76
74,Yennier Cano,BAL,0,62,64.2,3,3,0,12,14,61,27,6,62,21,8.54,2.92,2.92,0.85,0.246,1.27,0.304,72.50%,3.69,3.69,336.8,1.61,0.56,1.05
75,Giovanny Gallegos,STL,0,59,60.1,3,4,0,5,16,54,26,9,66,17,9.87,2.49,3.97,1.34,0.236,1.17,0.292,72.40%,3.92,3.91,528,2.49,-1.55,0.79
76,Joe Jiménez,ATL,0,61,60,3,2,0,1,13,53,26,9,75,19,11.25,2.92,3.85,1.3,0.232,1.2,0.307,73.60%,3.86,3.76,670.3,1.74,-0.81,0.69
77,Chad Green,TOR,0,48,50.1,4,3,0,1,10,44,22,7,58,15,10.29,2.68,3.84,1.23,0.232,1.17,0.296,71.90%,3.87,3.72,702.5,2.77,-0.77,0.71
78,Scott Barlow,CLE,0,63,66.1,4,4,0,3,13,57,27,7,74,26,10.08,3.52,2.87,1,0.23,1.26,0.298,73.20%,3.73,3.78,466.2,1.58,-0.39,0.61
79,Kevin Kelly,TBR,0,44,47.2,2,2,0,1,6,45,20,4,43,13,8.08,2.42,3.34,0.83,0.245,1.21,0.297,69.20%,3.81,3.7,750.7,2.39,0.56,0.89
80,Dauri Moreta,PIT,0,52,55,4,3,0,1,6,47,25,7,64,21,10.4,3.36,3.1,1.17,0.225,1.22,0.291,70.20%,4.06,3.9,731.8,2.17,0.28,0.6
81,Gabe Speier,SEA,0,58,54.1,2,2,0,1,14,49,22,6,59,15,9.78,2.45,3.99,1.05,0.239,1.18,0.304,72.60%,3.67,3.55,745.8,3.3,-0.81,0.94
82,Craig Kimbrel,BAL,0,63,63.2,4,4,0,23,5,51,26,8,79,26,11.17,3.74,2.99,1.16,0.216,1.21,0.287,73.90%,3.73,3.87,103,1.4,-0.31,1.43
83,Dylan Floro,WSN,0,54,53.1,3,4,0,2,9,55,25,5,48,17,8.16,2.93,2.79,0.9,0.262,1.36,0.318,69.30%,4.25,3.82,748.6,2.56,-0.88,0.53
84,Luke Jackson,SFG,0,56,57,3,3,0,1,11,52,25,6,62,24,9.84,3.77,2.61,0.98,0.239,1.33,0.307,72.90%,3.9,3.87,999,1.12,-0.18,0.58
85,Paul Sewald,ARI,0,62,62,4,3,0,30,2,51,26,9,75,23,10.92,3.28,3.33,1.27,0.22,1.18,0.286,74.60%,3.71,3.88,85,2.2,0.27,1.87
86,Colin Poche,TBR,0,60,58.1,5,3,0,3,17,49,25,8,62,22,9.58,3.46,2.77,1.19,0.225,1.23,0.279,73.80%,3.8,4.1,639.3,2.77,-0.03,0.59
87,Josh Winckowski,BOS,2,54,67.1,4,4,1,1,13,69,31,8,60,23,7.98,3.13,2.55,1.04,0.26,1.37,0.31,71.60%,4.17,4.14,694.7,2.51,-2.59,0.41
88,Brooks Raley,NYM,0,61,57,2,2,0,3,18,50,24,7,62,23,9.87,3.57,2.76,1.05,0.234,1.28,0.298,73.40%,3.82,3.99,744.3,2.09,-0.46,0.78
89,Andrew Kittredge,STL,0,49,51.1,4,3,0,3,9,50,21,6,43,12,7.64,2.04,3.74,1.1,0.25,1.2,0.292,72.30%,3.77,3.97,666.6,2.86,0.82,0.84
90,Sixto Sánchez,MIA,0,32,39.2,2,2,0,0,2,38,17,4,39,12,8.79,2.66,3.31,0.87,0.247,1.25,0.308,71.30%,3.77,3.58,731.8,2.6,-0.49,0.91
91,Jake Bird,COL,0,59,65,3,3,0,1,12,68,33,7,57,24,7.86,3.39,2.32,0.95,0.266,1.43,0.318,68.20%,4.6,4.22,999,3.49,-1.74,0.39
92,Tyler Rogers,SFG,0,64,67.1,3,4,0,2,18,69,30,7,50,18,6.71,2.43,2.76,0.87,0.26,1.29,0.299,70.30%,3.95,3.99,717.9,2.43,-0.14,0.62
93,Trevor Stephan,CLE,0,60,64,4,4,0,2,18,57,28,8,71,24,9.95,3.39,2.93,1.07,0.236,1.27,0.302,72.00%,3.95,3.9,738.8,1.18,-0.84,0.43
94,Seranthony Domínguez,PHI,0,60,58.2,5,4,0,6,14,53,26,7,62,25,9.46,3.84,2.47,1.1,0.237,1.33,0.296,73.20%,3.98,4.2,668.5,1.83,-1.09,0.57
95,Andrew Chafin,DET,0,59,56,3,3,0,3,13,50,25,6,62,24,9.92,3.83,2.59,0.98,0.234,1.31,0.302,72.10%,3.94,3.85,742.3,2.52,-1.56,0.64
96,Drew Smyly,CHC,5,44,70.1,5,5,2,0,5,69,35,12,70,24,8.94,3.04,2.94,1.52,0.252,1.32,0.298,72.50%,4.41,4.59,623.5,2.76,-1.14,0.17
97,Danny Coulombe,BAL,0,56,54.1,4,3,0,2,15,51,23,7,58,18,9.56,3.04,3.14,1.12,0.243,1.27,0.305,74.70%,3.74,3.87,745.2,1.2,-0.37,0.66
98,Sam Moll,CIN,0,55,53,2,2,0,1,10,47,24,6,58,25,9.81,4.28,2.29,1.02,0.235,1.37,0.3,72.90%,4.02,4.19,999,2.17,-1.85,0.62
99,José Leclerc,TEX,0,59,60,2,3,0,20,7,50,26,8,68,28,10.24,4.27,2.4,1.18,0.224,1.31,0.285,74.20%,3.93,4.27,186.2,2.15,0.42,1.45
100,Tyler Holton,DET,0,51,56.2,3,2,0,1,10,52,23,7,51,15,8.12,2.45,3.31,1.04,0.239,1.18,0.284,73.40%,3.58,3.88,730.7,1.91,0.68,0.96
101,Keegan Akin,BAL,1,34,41,2,2,1,0,4,39,19,5,42,13,9.24,2.83,3.27,1.15,0.249,1.28,0.308,70.90%,4.12,3.88,999,3.72,-0.78,0.78
102,Emilio Pagán,CIN,0,62,63.1,4,4,0,3,12,58,31,11,68,23,9.63,3.24,2.97,1.55,0.239,1.27,0.287,71.80%,4.4,4.53,681.3,1.54,1,0.43
103,Tom Cosgrove,SDP,0,54,54.2,2,2,0,1,9,47,23,6,54,22,8.78,3.59,2.45,1.03,0.227,1.25,0.278,73.10%,3.76,4.15,999,3.17,0.92,0.81
104,Brock Burke,TEX,0,54,61.1,4,3,0,0,11,58,26,9,61,17,8.91,2.47,3.6,1.31,0.245,1.22,0.295,73.90%,3.88,4.1,750.8,1.63,-1.79,0.65
105,Justin Lawrence,COL,0,62,63.2,3,4,0,15,10,62,32,7,66,33,9.34,4.63,2.02,0.95,0.251,1.49,0.318,69.80%,4.57,4.29,372.5,3.65,-1.91,1.29
106,James McArthur,KCR,0,57,62.1,3,3,0,12,9,61,29,7,60,21,8.61,3,2.87,1,0.252,1.31,0.308,69.80%,4.17,3.95,351.7,2.92,-0.58,0.98
107,Robert Garcia,WSN,0,49,54,3,3,0,0,9,49,25,7,57,25,9.55,4.16,2.3,1.12,0.24,1.38,0.3,71.80%,4.25,4.25,999,2.03,-1.28,0.46
108,Collin McHugh,,1,42,53.1,3,1,0,0,11,52,23,6,49,16,8.26,2.71,3.05,1.08,0.251,1.27,0.301,72.90%,3.87,4.05,999,1.39,0.03,0.72
109,Ryan Brasier,LAD,0,56,56.1,3,2,0,1,14,52,26,8,56,17,8.91,2.79,3.2,1.22,0.241,1.23,0.291,70.50%,4.1,4.08,743.6,2.26,-0.01,0.67
110,Chris Stratton,KCR,0,60,65.2,3,3,0,1,10,65,32,8,63,24,8.6,3.29,2.61,1.11,0.253,1.35,0.307,70.00%,4.35,4.14,749.2,2.93,-1.55,0.34
111,Kody Funderburk,MIN,0,37,40.2,3,1,0,0,3,36,16,4,45,17,9.92,3.8,2.61,0.79,0.235,1.31,0.308,73.60%,3.61,3.61,751,2.54,0.72,0.81
112,Ryan Borucki,PIT,1,50,51.2,3,1,1,0,10,47,23,6,46,17,7.98,2.88,2.77,1.1,0.239,1.23,0.282,69.90%,4.06,4.21,750.4,1.34,0.15,0.69
113,Justin Topa,MIN,0,55,53.1,3,3,0,1,14,53,23,5,46,16,7.8,2.76,2.83,0.87,0.256,1.31,0.307,71.10%,3.93,3.84,743.1,1.54,0.12,0.65
114,Miguel Díaz,DET,1,47,52.2,3,2,0,0,7,51,24,6,52,23,8.82,3.89,2.26,0.97,0.251,1.4,0.31,72.00%,4.16,4.09,999,4.86,0.91,0.52
115,Steven Okert,MIN,0,50,49.1,2,2,0,0,11,41,22,7,60,21,10.95,3.74,2.93,1.25,0.224,1.25,0.293,72.00%,4.06,4.06,999,2.4,-1.07,0.66
116,José Soriano,LAA,0,56,59.2,3,4,0,1,15,51,26,6,71,32,10.68,4.8,2.23,0.94,0.228,1.39,0.305,73.10%,3.98,4.09,999,2.32,-0.37,0.53
117,Jesse Chavez,CHW,1,47,50,2,2,1,1,10,48,22,7,51,18,9.23,3.23,2.86,1.2,0.248,1.31,0.304,74.20%,3.96,4.16,741.3,1.95,-0.71,0.73
118,Phil Maton,TBR,0,59,59.2,3,2,0,0,10,52,26,7,66,22,10.03,3.34,3,1.11,0.232,1.25,0.296,72.70%,3.86,4.01,739.5,1.46,-0.48,0.63
119,Kyle Finnegan,WSN,0,65,66.2,4,4,0,19,9,63,30,9,66,25,8.89,3.41,2.61,1.23,0.246,1.32,0.297,73.60%,4.06,4.28,240.3,2.71,-2.33,1.26
120,Jonathan Loáisiga,NYY,0,47,50.2,3,3,0,3,12,48,21,5,41,14,7.29,2.57,2.84,0.97,0.245,1.23,0.285,72.10%,3.74,4.05,662.2,2.29,0.28,0.91
121,Trevor Richards,TOR,1,45,51,2,2,0,0,8,43,24,8,64,23,11.38,4.05,2.81,1.4,0.225,1.29,0.295,72.40%,4.26,4.19,745.2,2.96,-0.68,0.54
122,Luis García,LAA,0,58,59,3,3,0,1,11,57,27,6,56,22,8.56,3.3,2.6,0.98,0.251,1.34,0.307,71.60%,4.05,4.06,999,2.14,-0.73,0.55
123,Joe Mantiply,ARI,0,52,53,3,3,0,0,7,53,24,6,45,14,7.63,2.36,3.23,0.97,0.258,1.27,0.304,70.30%,4,3.85,999,1.5,-1.39,0.71
124,Kyle Hurt,LAD,2,21,31,2,1,1,0,1,26,14,4,38,14,10.85,4.17,2.6,1.04,0.221,1.28,0.294,71.10%,4.03,3.85,609.9,3.27,-1.92,0.89
125,Brennan Bernardino,BOS,1,52,51,2,2,0,0,6,50,23,6,53,20,9.41,3.49,2.7,1.01,0.251,1.36,0.317,72.90%,4,3.98,999,2.57,-0.78,0.63
126,Chris Devenski,TBR,1,46,51,4,3,0,0,9,49,26,8,49,14,8.61,2.52,3.42,1.33,0.25,1.25,0.297,66.80%,4.58,4.25,749.9,2.04,0.08,0.53
127,Carlos Estévez,LAA,0,62,63,3,4,0,18,7,58,30,9,67,27,9.58,3.89,2.47,1.26,0.242,1.36,0.3,72.30%,4.29,4.38,241.6,2.59,-0.15,1.28
128,Tyler Kinley,COL,0,59,58.2,2,3,0,9,11,59,32,9,59,23,9.13,3.46,2.64,1.42,0.259,1.4,0.312,69.10%,4.84,4.58,493,2.99,-0.84,0.86
129,Garrett Cleavinger,TBR,0,44,44.2,2,2,0,0,5,35,18,5,57,21,11.41,4.25,2.69,1.07,0.211,1.25,0.287,75.50%,3.57,3.85,750.7,2.97,-0.53,0.86
130,Jalen Beeks,COL,2,43,49.2,2,3,0,1,6,52,25,7,47,20,8.56,3.65,2.34,1.22,0.264,1.45,0.317,70.80%,4.61,4.45,999,3.48,-0.13,0.46
131,Enyel De Los Santos,SDP,0,61,61.1,4,3,0,0,13,54,27,7,64,24,9.35,3.49,2.68,1.06,0.233,1.27,0.29,72.00%,3.93,4.04,740,1.74,-1.46,0.53
132,Brent Suter,CIN,0,54,59.2,3,3,0,0,7,60,29,8,50,21,7.52,3.24,2.32,1.18,0.259,1.37,0.299,71.20%,4.35,4.49,749.7,2.43,0.13,0.4
133,Robert Suarez,SDP,0,59,60.1,4,4,0,18,10,50,25,8,63,23,9.42,3.4,2.77,1.12,0.221,1.2,0.274,72.50%,3.78,4.03,216.4,1.66,0.71,1.26
134,Andrew Saalfrank,ARI,0,52,51.1,3,2,0,0,14,45,21,4,52,27,9.16,4.73,1.94,0.67,0.233,1.41,0.3,74.40%,3.63,3.85,999,1.91,-1.05,0.79
135,Woo-Suk Go,SDP,0,57,59,3,3,0,4,12,53,27,7,66,29,10.14,4.37,2.32,1.06,0.236,1.38,0.304,73.20%,4.07,4.13,999,4.28,-1.96,0.61
136,Nick Anderson,KCR,0,49,50,3,3,0,2,14,49,24,7,46,15,8.36,2.79,3,1.26,0.253,1.29,0.299,70.50%,4.3,4.25,583,1.82,0.81,0.64
137,Dustin May,LAD,2,15,22.2,2,1,1,0,1,19,9,2,22,8,8.85,2.99,2.96,0.86,0.221,1.15,0.274,71.10%,3.55,3.71,660.8,1.48,0.77,1.16
138,Trevor Gott,OAK,0,58,57.2,2,4,0,3,12,55,27,7,56,20,8.76,3.15,2.78,1.11,0.248,1.31,0.302,69.60%,4.29,4.13,711.6,2.9,-1.98,0.64
139,Nick Robertson,STL,0,34,36,2,1,0,0,2,33,16,4,37,12,9.34,3.07,3.04,1.05,0.242,1.27,0.303,70.50%,4.06,3.83,999,2.21,-1.59,0.87
140,Cionel Pérez,BAL,0,57,54.1,3,3,0,1,13,51,23,4,50,25,8.33,4.1,2.03,0.74,0.245,1.4,0.303,73.40%,3.77,3.97,999,1.74,-1.55,0.68
141,Scott Alexander,OAK,1,48,46.1,4,3,0,1,9,47,20,4,34,13,6.59,2.54,2.6,0.77,0.258,1.29,0.298,69.50%,3.95,3.86,999,2.69,-2.44,0.75
142,Sean Hjelle,SFG,2,30,50.2,3,3,1,0,2,56,27,5,41,19,7.36,3.33,2.21,0.95,0.278,1.49,0.327,67.20%,4.85,4.32,749.3,6.05,-1.59,0.41
143,Alex Faedo,DET,2,33,46.2,2,3,1,0,2,44,22,7,45,15,8.77,2.88,3.05,1.37,0.244,1.25,0.289,70.20%,4.34,4.34,719.2,3.5,-0.47,0.73
144,Michael Grove,LAD,3,27,42.1,2,2,0,0,2,42,22,7,45,13,9.46,2.85,3.32,1.45,0.253,1.3,0.308,69.30%,4.59,4.29,611.4,4.42,-0.9,0.66
145,Mark Leiter Jr.,CHC,0,56,60.2,2,3,0,2,14,54,27,8,68,22,10.01,3.31,3.03,1.18,0.234,1.25,0.296,71.50%,4.04,4.07,736.2,2.27,-1.23,0.63
146,Daniel Hudson,LAD,0,34,33.2,3,3,0,4,5,29,14,4,41,12,10.86,3.17,3.42,1.18,0.227,1.21,0.299,75.20%,3.62,3.73,746.9,1.1,-0.17,0.98
147,Tommy Kahnle,NYY,0,51,51.2,2,3,0,2,14,43,21,7,58,21,10.11,3.65,2.77,1.18,0.222,1.23,0.281,75.00%,3.69,4.12,688.6,1.59,-0.16,0.84
148,James Karinchak,CLE,0,48,47.2,3,3,0,2,11,36,20,6,63,27,11.95,5.1,2.34,1.13,0.205,1.31,0.283,74.60%,3.85,4.08,748,1.23,-0.14,0.64
149,Rafael Montero,HOU,0,55,57,3,3,0,1,12,53,27,7,61,22,9.63,3.52,2.74,1.13,0.244,1.33,0.307,71.10%,4.21,4.07,999,2.04,-0.18,0.44
150,Ethan Small,SFG,1,38,43.1,2,2,0,0,5,41,21,5,44,21,9.16,4.39,2.09,1.08,0.244,1.42,0.302,71.80%,4.32,4.34,999,1.9,-1.18,0.61
151,John Brebbia,CHW,2,56,55.1,3,3,0,16,9,52,26,8,58,19,9.5,3.04,3.12,1.38,0.244,1.28,0.298,72.20%,4.22,4.25,390.6,2.91,-1.41,1.16
152,John King,STL,0,44,49.2,3,3,0,1,11,55,22,4,32,15,5.84,2.63,2.22,0.75,0.277,1.41,0.314,72.00%,3.95,4.01,999,2.98,-1.72,0.73
153,Bennett Sousa,HOU,0,48,50,3,2,0,0,6,46,24,6,51,20,9.1,3.57,2.55,1.16,0.243,1.33,0.298,70.60%,4.29,4.2,999,2.32,-2.63,0.48
154,Zach Jackson,OAK,0,42,42.1,2,3,0,1,9,35,18,4,51,24,10.97,5.2,2.11,0.91,0.224,1.42,0.305,73.70%,3.95,3.98,999,1.75,-0.46,0.67
155,JT Brubaker,PIT,3,18,27.2,1,2,1,0,0,27,13,4,27,9,8.75,3.04,2.88,1.2,0.25,1.3,0.301,70.10%,4.31,4.23,999,1.67,-0.56,0.93
156,Victor González,NYY,0,46,46.1,3,3,0,0,8,42,20,5,44,18,8.57,3.44,2.49,0.9,0.239,1.29,0.293,70.70%,3.95,3.98,999,1.77,-0.96,0.69
157,Blake Treinen,LAD,0,45,45.1,3,2,0,1,8,42,20,6,46,16,9.05,3.17,2.86,1.14,0.243,1.28,0.298,72.50%,3.97,4.07,730.1,1.02,0.89,0.72
158,Scott McGough,ARI,0,52,54.2,2,4,0,3,10,49,26,8,62,22,10.17,3.66,2.78,1.26,0.236,1.3,0.299,71.80%,4.2,4.16,749.6,3.03,-1.3,0.59
159,Bryan Hudson,MIL,0,28,31,2,1,0,0,1,28,14,3,34,14,9.72,3.96,2.46,0.94,0.234,1.33,0.301,71.60%,3.99,3.95,999,1.82,-1.12,0.88
160,Jake Latz,TEX,0,32,37,1,2,0,0,2,34,17,5,40,16,9.84,3.99,2.46,1.2,0.24,1.36,0.303,73.10%,4.17,4.24,999,2.48,-0.24,0.79
161,Lucas Erceg,OAK,0,62,66,3,4,0,4,13,57,31,5,77,39,10.51,5.3,1.98,0.75,0.23,1.45,0.311,71.10%,4.16,3.98,567.6,6.46,-0.64,0.67
162,Anthony Bender,MIA,0,49,48,2,3,0,3,9,43,21,6,49,18,9.19,3.42,2.69,1.09,0.236,1.28,0.292,72.90%,3.89,4.1,719.7,1.93,-0.58,0.78
163,Dylan Lee,ATL,0,38,38.1,2,1,0,0,7,36,16,5,40,11,9.41,2.59,3.64,1.28,0.245,1.23,0.301,74.80%,3.8,3.95,999,1.55,0.15,0.89
164,Elvis Peguero,MIL,0,47,49.2,3,3,0,1,11,47,23,5,45,19,8.19,3.46,2.37,0.96,0.245,1.33,0.296,70.10%,4.16,4.15,999,2.42,0.01,0.61
165,Eli Morgan,CLE,1,50,58.1,3,3,1,0,9,54,27,9,61,18,9.41,2.73,3.44,1.36,0.243,1.24,0.296,72.00%,4.12,4.15,999,1.49,-0.13,0.56
166,Will Smith,KCR,0,61,60.1,2,4,0,14,10,56,30,9,60,23,9.02,3.39,2.66,1.27,0.244,1.31,0.295,69.40%,4.46,4.32,290.3,2.17,-0.8,1.14
167,Shelby Miller,DET,1,47,51,3,2,1,3,7,44,23,6,53,24,9.4,4.16,2.26,1.12,0.228,1.32,0.283,72.40%,4.07,4.31,521.3,2.75,3.25,0.62
168,John McMillon,KCR,0,51,53.1,3,3,0,2,8,45,26,6,65,33,10.94,5.67,1.93,1.1,0.226,1.48,0.301,71.70%,4.48,4.4,653,3.8,-3.02,0.5
169,Ian Gibaut,CIN,0,55,56.2,3,3,0,1,12,56,28,8,57,24,9,3.74,2.4,1.25,0.253,1.4,0.308,71.90%,4.41,4.46,749.9,1.93,-2.05,0.38
170,Ryan Thompson,ARI,0,52,54,4,2,0,1,11,52,24,6,46,18,7.68,3.05,2.52,0.98,0.248,1.3,0.293,70.90%,4.02,4.17,999,1.4,0.42,0.6
171,Adam Ottavino,NYM,0,61,60,3,4,0,4,15,53,26,7,62,26,9.32,3.89,2.4,1,0.233,1.31,0.293,72.20%,3.96,4.15,624.3,2.56,0.14,0.59
172,Bryan Baker,BAL,0,40,40.2,3,2,0,0,5,36,18,4,44,19,9.7,4.22,2.3,0.98,0.231,1.34,0.295,72.20%,4,4.04,999,1.54,-0.77,0.69
173,Kyle Nelson,ARI,0,47,43.2,3,2,0,0,8,41,20,6,46,17,9.54,3.44,2.77,1.25,0.245,1.32,0.304,73.10%,4.12,4.23,999,1.82,-2.45,0.61
174,Isaiah Campbell,BOS,0,34,36,4,2,0,0,4,36,17,4,36,14,8.98,3.44,2.61,1.04,0.256,1.38,0.317,71.30%,4.23,4.02,999,1.53,0.81,0.63
175,Alex Lange,DET,0,62,63.1,4,4,0,21,6,52,28,6,74,36,10.55,5.11,2.06,0.88,0.221,1.39,0.295,72.90%,3.95,4.09,178.9,1.19,-0.83,1.43
176,Yunior Marte,PHI,0,39,41,1,2,0,0,3,40,21,5,39,17,8.68,3.8,2.28,1.16,0.254,1.41,0.308,69.90%,4.56,4.43,999,2.96,-0.98,0.63
177,Ryne Stanek,,0,52,52.1,3,2,0,0,7,44,23,7,57,25,9.73,4.23,2.3,1.22,0.226,1.31,0.28,74.10%,3.98,4.37,999,1.51,1.13,0.59
178,Daniel Palencia,CHC,0,41,44.2,3,2,0,0,4,40,22,6,49,22,9.98,4.39,2.27,1.14,0.234,1.38,0.298,70.30%,4.41,4.32,748,3.78,-1.17,0.49
179,Drew Rom,STL,3,26,37,2,3,1,0,1,39,20,5,35,15,8.6,3.62,2.37,1.16,0.268,1.46,0.324,69.00%,4.79,4.35,999,4.56,-0.88,0.54
180,Michael Fulmer,,0,33,35.1,2,3,0,1,8,32,16,4,36,14,9.27,3.61,2.57,1.07,0.238,1.31,0.296,72.00%,4.02,4.1,750.1,1.47,1.18,0.83
181,Nick Nelson,PHI,2,17,28.1,2,1,1,0,1,29,15,3,23,13,7.33,4.12,1.78,1.01,0.261,1.48,0.304,68.20%,4.78,4.62,999,1.66,0.44,0.73
182,Lucas Sims,CIN,0,56,54.2,4,3,0,2,17,45,28,8,65,30,10.64,4.88,2.18,1.36,0.222,1.37,0.283,70.60%,4.57,4.75,619.7,1.57,-0.29,0.3
183,Luke Little,CHC,0,35,36.1,2,1,0,0,3,30,15,4,47,21,11.55,5.11,2.26,0.91,0.22,1.39,0.307,75.80%,3.67,3.97,749.9,1.8,-1.14,0.83
184,Nick Ramirez,NYY,0,34,39,2,1,0,0,2,40,17,4,30,11,6.86,2.62,2.62,1.02,0.259,1.31,0.297,71.40%,4.03,4.17,999,1.53,0.41,0.88
185,Tejay Antone,CIN,0,37,38.2,2,2,0,1,6,38,19,5,40,16,9.19,3.7,2.49,1.2,0.251,1.38,0.309,70.60%,4.46,4.32,734.9,1.87,-0.19,0.65
186,Andre Pallante,STL,0,51,58.2,3,2,0,0,10,62,26,5,43,24,6.52,3.62,1.8,0.73,0.266,1.45,0.308,72.20%,4.02,4.19,999,3.36,-1.26,0.66
187,Richard Bleier,WSN,0,34,35.1,1,1,0,0,3,40,17,4,22,8,5.63,2.08,2.71,1.01,0.281,1.36,0.31,68.70%,4.43,4.31,999,1.62,0.41,0.84
188,Phil Bickford,NYM,0,47,49.1,3,3,0,0,4,44,24,7,53,21,9.77,3.88,2.52,1.27,0.234,1.32,0.291,69.70%,4.45,4.36,999,1.96,-1.05,0.48
189,Tanner Banks,CHW,1,47,57.1,3,3,0,1,5,58,27,9,52,16,8.21,2.44,3.36,1.37,0.258,1.28,0.302,72.00%,4.23,4.34,999,1.71,-1.03,0.55
190,Grant Anderson,TEX,0,39,45.2,3,2,0,0,6,44,23,7,45,17,8.85,3.43,2.58,1.32,0.251,1.35,0.301,70.40%,4.51,4.49,999,3.34,-1.75,0.51
191,Joely Rodríguez,BOS,0,37,37.1,1,2,0,0,3,37,18,4,37,16,8.93,3.95,2.26,0.92,0.255,1.43,0.319,70.30%,4.36,4,999,2.65,0,0.69
192,Tyler Alexander,TBR,4,32,54.1,3,3,1,0,3,55,27,9,46,12,7.61,2.05,3.71,1.52,0.26,1.24,0.292,69.40%,4.51,4.55,711.5,2.59,-0.18,0.64
193,Carmen Mlodzinski,PIT,0,47,50.1,3,4,0,1,13,48,22,6,48,22,8.5,3.97,2.14,1.01,0.248,1.4,0.302,73.60%,4.01,4.27,999,0.97,-1.02,0.59
194,Jacob Lopez,TBR,1,18,22.2,1,1,0,0,1,20,10,3,23,8,9.17,3.28,2.79,1.04,0.233,1.25,0.289,71.60%,3.89,4.02,749,1.51,-0.01,1.06
195,Josh Taylor,KCR,0,28,27.2,1,2,0,0,2,27,14,4,31,12,10.05,3.83,2.62,1.2,0.254,1.41,0.324,68.80%,4.71,4.14,999,3.49,-1.8,0.77
196,Aaron Loup,,0,45,44.1,2,3,0,0,7,45,21,5,40,16,8.07,3.2,2.52,1.02,0.259,1.37,0.31,70.80%,4.24,4.18,999,2.2,-1.34,0.67
197,Scott Effross,NYY,0,35,36.1,2,2,0,2,5,35,16,5,34,11,8.46,2.74,3.09,1.17,0.25,1.27,0.299,71.80%,4.05,4.14,739.6,1.21,1.13,0.88
198,Allan Winans,,1,17,23,1,1,1,0,1,23,11,3,21,6,8.28,2.45,3.37,1.15,0.26,1.29,0.31,69.60%,4.28,4.06,746.6,2.26,-0.67,1
199,JT Chargois,MIA,1,54,53.1,2,1,0,1,8,50,24,6,48,21,8.06,3.61,2.23,1.01,0.244,1.34,0.292,71.40%,4.1,4.28,999,1.89,-0.57,0.6
200,Buck Farmer,CIN,0,56,57.2,3,3,0,0,8,54,30,9,58,26,9.11,4.02,2.27,1.45,0.244,1.38,0.29,69.90%,4.75,4.82,750.4,1.67,-0.37,0.33
201,Mitch White,TOR,2,29,41.2,2,2,0,0,2,42,21,6,38,16,8.24,3.54,2.32,1.21,0.256,1.39,0.303,69.70%,4.58,4.46,999,4.67,-0.67,0.61
202,Peter Strzelecki,ARI,0,27,27.1,1,2,0,0,5,25,13,3,29,10,9.46,3.3,2.86,0.93,0.24,1.28,0.305,67.60%,4.25,3.86,999,1.57,0.23,0.93
203,Yency Almonte,CHC,0,45,46.1,2,2,0,0,8,41,22,6,47,21,9.21,4.04,2.28,1.1,0.236,1.34,0.292,70.00%,4.32,4.34,999,2.58,-0.65,0.6
204,Huascar Brazoban,MIA,0,48,51.2,3,2,0,0,9,47,24,6,57,27,9.91,4.65,2.13,1.01,0.239,1.43,0.307,72.90%,4.15,4.24,999,2.88,-1.74,0.51
205,Beau Brieske,DET,2,40,49.2,2,3,1,0,6,48,23,7,43,16,7.85,2.89,2.71,1.27,0.252,1.3,0.291,71.50%,4.23,4.4,999,1.64,-0.24,0.66
206,Lucas Gilbreath,COL,0,41,39.2,2,2,0,0,6,39,21,5,42,22,9.51,4.96,1.92,1.07,0.254,1.54,0.32,70.10%,4.77,4.5,999,2.05,-0.93,0.53
207,Thyago Vieira,MIL,0,25,28,2,2,0,0,1,25,13,3,31,12,9.86,3.75,2.63,1.08,0.236,1.31,0.301,71.20%,4.12,4.01,999,1.79,-0.51,0.9
208,Jonathan Hernández,TEX,0,48,50.2,2,2,0,1,10,49,25,6,50,25,8.86,4.36,2.03,1.09,0.248,1.44,0.304,71.60%,4.39,4.49,999,3.1,-1.55,0.53
209,J.P. Feyereisen,LAD,0,41,41,3,2,0,1,10,34,16,5,40,17,8.91,3.78,2.36,1.1,0.222,1.24,0.271,75.80%,3.56,4.22,999,4.21,2.47,0.9
210,Anthony Molina,COL,1,21,26.1,1,1,1,0,1,31,14,4,20,7,6.88,2.53,2.71,1.25,0.289,1.46,0.327,68.30%,4.93,4.49,999,2.55,0.03,0.81
211,Ray Kerr,ATL,0,44,45.1,3,3,0,0,4,41,21,6,51,21,10.15,4.25,2.39,1.15,0.239,1.38,0.307,73.20%,4.16,4.19,999,1.89,-0.73,0.5
212,Matt Moore,LAA,0,51,57,3,2,0,1,15,51,26,8,61,24,9.65,3.81,2.53,1.25,0.237,1.33,0.295,74.00%,4.05,4.31,724.3,2.38,0.16,0.48
213,Keynan Middleton,STL,0,45,45.1,2,2,0,1,7,40,20,6,50,19,9.89,3.7,2.68,1.21,0.233,1.29,0.293,73.40%,4,4.17,749.4,2.1,-0.77,0.73
214,Jose Hernandez,PIT,0,38,39,2,2,0,0,4,37,19,6,43,17,9.95,4.02,2.48,1.3,0.244,1.38,0.306,71.50%,4.45,4.37,999,2.26,-0.32,0.65
215,Nate Pearson,TOR,0,33,36.1,3,2,0,0,2,31,17,5,40,16,9.89,4.06,2.44,1.28,0.229,1.31,0.285,71.90%,4.24,4.42,733.1,1.78,-0.16,0.69
216,Prelander Berroa,CHW,0,46,50.1,2,2,0,2,7,42,23,6,60,29,10.83,5.13,2.11,1.06,0.222,1.4,0.296,72.60%,4.16,4.2,548.1,4.11,-0.48,0.58
217,Wandy Peralta,SDP,0,53,52.1,3,2,0,2,12,46,21,5,49,23,8.46,3.98,2.13,0.93,0.234,1.33,0.285,74.80%,3.66,4.22,734.5,1.96,-0.11,0.79
218,Drew Smith,NYM,0,54,55,3,4,0,1,12,49,26,8,58,23,9.55,3.84,2.49,1.36,0.237,1.33,0.29,72.60%,4.28,4.54,999,1.7,-0.16,0.42
219,Dillon Tate,BAL,0,46,50,2,2,0,1,10,48,23,5,40,15,7.17,2.64,2.72,0.99,0.25,1.26,0.289,68.90%,4.12,4.18,748.4,1.46,0.78,0.79
220,José Cisnero,LAA,0,48,46.2,2,3,0,1,9,44,23,6,50,22,9.76,4.22,2.31,1.24,0.245,1.41,0.307,71.60%,4.45,4.47,999,2.4,-1.24,0.49
221,Adrian Morejon,SDP,2,29,40.2,3,2,0,0,2,40,20,6,38,16,8.36,3.45,2.42,1.22,0.253,1.36,0.3,70.70%,4.41,4.4,745.1,1.9,-0.52,0.6
222,Wilmer Flores,DET,2,11,16.1,1,1,1,0,0,16,8,2,14,5,7.82,2.88,2.71,1.02,0.255,1.31,0.302,68.90%,4.28,4.12,999,1.16,-0.79,1.11
223,Taylor Clarke,MIL,0,48,51,3,3,0,1,9,51,26,9,53,18,9.36,3.12,3.01,1.52,0.256,1.34,0.309,71.20%,4.59,4.52,999,3.61,-0.56,0.42
224,Manuel Rodríguez,TBR,0,28,28.1,2,1,0,3,4,26,13,3,29,13,9.2,4.17,2.21,0.94,0.239,1.38,0.301,72.50%,4.01,4.11,999,1.06,0.74,0.91
225,Connor Brogdon,PHI,0,43,44.2,3,2,0,0,5,42,21,7,45,17,9.05,3.34,2.71,1.34,0.246,1.32,0.296,72.10%,4.28,4.4,999,1.22,-0.27,0.59
226,Tim Herrin,CLE,0,27,29.2,2,1,0,0,1,27,13,3,31,13,9.48,3.98,2.38,0.92,0.238,1.35,0.303,72.60%,3.91,3.94,999,1.82,-0.81,0.88
227,Shintaro Fujinami,NYM,1,47,52.2,4,4,0,0,8,47,29,6,58,29,9.89,4.92,2.01,1.11,0.235,1.44,0.299,67.20%,4.87,4.49,743.2,4.64,-0.29,0.28
228,Brendan White,DET,0,23,26,1,2,0,0,1,26,12,3,26,9,8.78,3.02,2.91,0.94,0.252,1.31,0.312,68.10%,4.3,3.91,999,2.29,-0.63,0.94
229,Janson Junk,MIL,3,24,38.2,2,3,1,0,1,42,21,6,28,12,6.61,2.84,2.33,1.46,0.27,1.39,0.296,69.30%,4.84,4.93,999,1.74,1,0.64
230,Jovani Moran,MIN,0,14,16,0,0,0,0,4,12,7,1,19,9,10.66,4.92,2.17,0.67,0.209,1.31,0.287,68.30%,4.03,3.58,999,1.8,0.01,1.13
231,Victor Vodnik,COL,0,30,33.1,2,1,0,0,1,34,18,4,33,16,9,4.43,2.03,1.08,0.26,1.51,0.321,69.10%,4.83,4.41,999,1.69,-0.49,0.58
232,Jake Diekman,NYM,0,53,51.1,2,2,0,1,10,43,24,6,62,32,10.92,5.55,1.97,1.02,0.222,1.45,0.298,73.70%,4.11,4.33,999,3.2,-0.25,0.58
233,Packy Naughton,STL,1,8,13.1,0,1,0,0,1,14,6,1,12,4,7.71,2.6,2.96,0.97,0.269,1.36,0.32,71.60%,4.08,3.89,999,2.35,-0.65,1.17
234,Bryse Wilson,MIL,2,42,62,3,3,1,0,6,64,30,9,48,18,6.92,2.55,2.71,1.37,0.261,1.31,0.291,70.90%,4.41,4.67,999,1.46,0.23,0.44
235,Angel Felipe,OAK,0,29,31,2,2,0,0,4,27,14,3,34,18,9.94,5.15,1.93,0.78,0.232,1.45,0.305,72.10%,4.07,4.09,999,2.33,-0.83,0.8
236,Erik Miller,SFG,0,39,41.1,2,2,0,0,3,37,20,4,47,24,10.21,5.33,1.92,0.97,0.235,1.48,0.307,71.70%,4.38,4.31,999,3.44,0.57,0.6
237,Sean Reid-Foley,NYM,0,36,38.2,2,2,0,0,5,33,18,5,47,21,10.99,4.95,2.22,1.1,0.228,1.41,0.304,72.50%,4.23,4.19,999,2.72,-1.6,0.66
238,Alex Young,CIN,0,42,42.1,2,2,0,1,7,43,22,7,38,17,8.17,3.54,2.31,1.4,0.26,1.41,0.303,72.00%,4.58,4.76,999,2.26,-1.68,0.55
239,Brett Martin,,0,21,21.2,1,2,0,0,2,22,10,2,17,7,7.3,2.92,2.5,0.94,0.26,1.34,0.304,71.70%,4.01,4.05,999,1.26,1.01,1.05
240,Nick Sandlin,CLE,0,56,56,3,3,0,0,11,47,25,7,60,25,9.57,4.02,2.38,1.2,0.223,1.28,0.276,73.20%,3.98,4.37,999,2.06,0.69,0.55
241,Anthony Maldonado,MIA,0,25,27,2,2,0,0,2,25,12,4,28,10,9.42,3.36,2.8,1.19,0.241,1.29,0.298,71.50%,4.15,4.13,999,1.57,-0.68,0.93
242,Luis F. Ortiz,PHI,0,24,28,1,1,0,0,1,29,14,3,24,9,7.59,2.96,2.57,1.08,0.261,1.35,0.306,68.50%,4.48,4.24,999,1.26,-0.66,0.87
243,Steven Wilson,SDP,0,52,53.2,2,2,0,0,13,44,25,8,58,24,9.71,4.06,2.39,1.37,0.221,1.27,0.269,72.10%,4.21,4.59,999,1.69,1.14,0.59
244,Anthony Bass,,0,26,26.1,1,1,0,0,3,24,12,4,26,10,8.69,3.23,2.69,1.22,0.242,1.28,0.29,74.10%,3.92,4.25,999,1.31,1.58,1.01
245,Liam Hendriks,BOS,0,11,11.1,1,1,0,0,1,10,5,2,14,3,11.06,2.39,4.62,1.2,0.227,1.12,0.301,72.80%,3.65,3.41,731,2.79,3.73,1.22
246,Riley O'Brien,STL,0,39,40.2,2,2,0,0,4,37,19,5,42,20,9.21,4.45,2.07,1.01,0.24,1.41,0.3,72.30%,4.19,4.33,999,1.84,-0.02,0.65
247,Joey Wentz,DET,4,35,52,2,4,1,0,1,52,28,8,50,22,8.57,3.78,2.27,1.41,0.255,1.41,0.301,69.50%,4.83,4.73,750.8,5.41,-1.11,0.37
248,Antoine Kelly,TEX,1,18,21,1,1,0,0,1,19,11,2,21,10,9.16,4.25,2.15,1.05,0.242,1.4,0.3,68.90%,4.53,4.34,999,1.76,-0.05,0.96
249,Bowden Francis,TOR,1,26,35.2,2,1,0,0,1,31,16,6,37,11,9.26,2.82,3.28,1.53,0.232,1.19,0.274,75.40%,3.92,4.5,715.9,3.58,1.1,0.99
250,Josh Staumont,MIN,0,35,35.1,2,2,0,1,3,31,17,4,41,19,10.34,4.88,2.12,1.05,0.229,1.4,0.298,70.00%,4.44,4.27,999,2.39,-0.8,0.67
251,J.B. Bukauskas,MIL,0,20,21.1,1,1,0,0,1,21,10,2,20,8,8.5,3.47,2.45,0.93,0.252,1.36,0.309,71.30%,4.09,4.05,999,1.22,-0.17,1
252,Colin Selby,PIT,1,37,39,2,2,0,0,4,37,20,4,41,21,9.5,4.88,1.95,1.03,0.244,1.48,0.309,70.10%,4.59,4.38,999,4.7,-1.94,0.58
253,Angel Perdomo,ATL,0,12,13,1,1,0,0,2,10,6,1,18,7,12.59,5.08,2.48,0.96,0.215,1.36,0.315,72.90%,3.96,3.75,999,1.59,-0.14,1.1
254,Nick Mears,COL,0,51,54,3,3,0,0,5,52,30,7,57,34,9.58,5.61,1.71,1.18,0.25,1.59,0.312,70.00%,5.01,4.84,999,2.63,0.09,0.57
255,Steven Cruz,KCR,1,39,41.2,1,1,0,0,4,40,22,5,43,24,9.27,5.21,1.78,1.02,0.247,1.53,0.309,69.60%,4.76,4.59,999,3.15,-0.97,0.56
256,Génesis Cabrera,TOR,0,54,55,3,2,0,0,12,50,26,7,55,24,8.94,3.99,2.24,1.18,0.238,1.35,0.289,71.40%,4.28,4.46,999,2.06,-1.5,0.45
257,Carson Spiers,CIN,2,23,32.2,2,2,0,0,1,34,19,5,29,14,8.06,3.77,2.14,1.48,0.265,1.47,0.306,67.60%,5.23,5.01,999,1.32,-0.41,0.58
258,Taylor Hearn,KCR,1,16,27,1,2,0,0,1,28,15,4,26,12,8.67,4.04,2.14,1.29,0.266,1.5,0.319,67.50%,5.16,4.64,999,4.5,-0.36,0.69
259,Carson Seymour,SFG,1,11,15.2,1,1,0,0,1,16,7,2,13,6,7.62,3.19,2.39,1.03,0.259,1.37,0.305,70.50%,4.27,4.26,999,0.93,-1.14,1.09
260,Carlos Hernández,KCR,1,49,56.1,2,4,0,0,9,54,30,8,57,25,9.03,3.98,2.27,1.22,0.249,1.4,0.303,68.70%,4.71,4.45,750.6,4.59,-0.36,0.38
261,Seth Martinez,HOU,0,42,46,2,2,0,0,4,43,21,6,46,18,8.96,3.59,2.5,1.14,0.243,1.33,0.297,71.30%,4.2,4.3,999,1.86,-0.6,0.66
262,Mitch Spence,OAK,1,30,37,2,2,1,0,1,37,17,5,32,12,7.7,2.85,2.7,1.13,0.256,1.32,0.299,71.70%,4.13,4.28,999,2.87,-0.64,0.86
263,Drew Carlton,SDP,0,14,16,1,1,0,0,1,15,7,2,15,4,8.36,2.39,3.5,1.16,0.237,1.16,0.281,69.80%,3.95,3.97,999,1.88,0.71,1.2
264,Brent Headrick,MIN,1,17,26.1,1,1,0,0,1,26,13,4,27,10,9.07,3.27,2.77,1.39,0.251,1.34,0.302,70.60%,4.52,4.52,999,1.81,-0.49,0.88
265,Ben Joyce,LAA,0,43,42.2,2,3,0,2,9,37,20,5,50,25,10.49,5.23,2.01,1.07,0.229,1.45,0.299,72.50%,4.29,4.44,647.1,3.2,-0.06,0.58
266,Freddy Tarnok,OAK,2,30,38.1,2,3,1,0,1,36,19,5,36,17,8.45,3.98,2.12,1.24,0.244,1.38,0.29,71.70%,4.38,4.6,999,2.5,-0.58,0.67
267,Eduard Bazardo,SEA,0,29,33.1,2,1,0,0,1,32,15,5,32,10,8.51,2.73,3.12,1.23,0.246,1.25,0.293,72.00%,4.04,4.19,999,1.08,-0.99,0.94
268,Luis Frías,ARI,0,33,35.2,2,1,0,0,2,34,18,4,34,17,8.72,4.18,2.09,0.99,0.249,1.43,0.307,68.60%,4.58,4.27,999,2.95,-1.29,0.65
269,Alek Jacob,SDP,0,27,29.2,1,1,0,0,1,28,14,4,28,10,8.48,2.99,2.83,1.17,0.244,1.27,0.292,71.00%,4.11,4.18,999,1.34,0.67,0.97
270,Derek Law,WSN,1,43,46.2,3,4,0,0,3,46,23,6,40,20,7.77,3.9,2,1.16,0.256,1.43,0.299,71.60%,4.44,4.66,999,1.63,0.88,0.5
271,Darius Vines,,1,21,27.2,1,1,0,0,2,28,14,4,24,9,7.84,2.89,2.72,1.34,0.255,1.32,0.294,70.80%,4.4,4.52,739.7,1.49,0.11,0.91
272,Tanner Rainey,WSN,0,52,51.2,2,4,0,6,7,46,26,8,58,26,10.2,4.61,2.21,1.45,0.236,1.41,0.293,73.40%,4.47,4.74,698.4,2.15,-0.01,0.66
273,Jimmy Herget,LAA,0,33,36.1,1,2,0,1,4,36,18,6,33,12,8.25,3.07,2.69,1.39,0.252,1.32,0.293,71.00%,4.43,4.61,999,2.38,-0.72,0.82
274,Yerry Rodríguez,TEX,0,25,26.2,1,1,0,0,1,25,13,3,28,12,9.48,4.01,2.36,1.18,0.246,1.39,0.306,70.80%,4.43,4.3,999,3.28,-2,0.87
275,Miguel Castro,ARI,0,57,54.2,4,3,0,2,12,49,26,6,54,25,8.86,4.04,2.19,1.04,0.237,1.35,0.291,70.50%,4.25,4.32,750.7,2,-0.69,0.45
276,Mason Thompson,WSN,0,40,42.1,2,3,0,0,6,43,22,5,36,18,7.57,3.77,2,1.01,0.26,1.44,0.306,69.10%,4.58,4.45,999,2.05,-0.9,0.54
277,Austin Adams,NYM,0,25,23.1,1,1,0,0,5,19,12,3,29,13,11.03,4.84,2.28,1.07,0.216,1.34,0.289,66.50%,4.64,4.37,999,2.06,-0.21,0.88
278,Richard Lovelady,,0,14,14,1,1,0,0,1,13,6,2,14,5,8.79,3.35,2.62,0.99,0.241,1.29,0.297,70.80%,4.02,4.03,999,1.25,1.17,1.16
279,Josh Simpson,MIA,0,25,26,1,1,0,0,1,23,12,3,29,14,9.94,4.85,2.05,0.98,0.237,1.44,0.306,73.20%,4.11,4.25,999,2.67,-1.25,0.9
280,Matt Barnes,,0,32,31.1,2,2,0,0,4,30,16,4,31,14,8.91,3.99,2.23,1.14,0.249,1.4,0.304,69.00%,4.62,4.41,999,1.56,0.32,0.72
281,Lou Trivino,NYY,0,23,23.1,1,2,0,1,1,22,11,3,24,10,9.15,3.86,2.37,1.09,0.249,1.39,0.308,72.20%,4.22,4.24,999,0.93,-0.6,0.94
282,Jackson Stephens,ATL,0,22,26.2,1,1,0,0,1,27,13,3,24,9,8.05,2.97,2.71,1.14,0.257,1.34,0.304,71.30%,4.23,4.25,999,1.09,0.44,0.94
283,Greg Weissert,BOS,0,44,46.2,4,2,0,0,7,44,23,6,50,22,9.63,4.17,2.31,1.18,0.243,1.4,0.305,71.10%,4.42,4.41,749.4,2.72,-2.08,0.4
284,Keider Montero,DET,0,18,18.2,1,1,0,0,1,18,9,2,18,6,8.61,2.99,2.88,1.1,0.249,1.3,0.302,69.90%,4.22,4.09,999,1.12,-1.15,1.08
285,Will Dion,CLE,1,7,11,1,2,0,0,0,10,5,1,10,4,8.64,3.16,2.74,1.15,0.24,1.27,0.289,74.90%,3.75,4.15,999,0.5,-1.32,1.19
286,Wes Parsons,TOR,1,18,22,1,2,0,0,1,21,11,3,21,9,8.75,3.8,2.3,1.28,0.244,1.36,0.292,71.30%,4.4,4.68,999,1.94,-0.69,0.97
287,Brad Hand,,0,44,43,3,3,0,0,4,40,21,6,42,18,8.89,3.82,2.33,1.16,0.245,1.37,0.298,69.90%,4.44,4.44,999,1.62,0.45,0.54
288,Zach Pop,TOR,0,22,23.1,1,1,0,0,2,23,11,3,20,8,7.71,3.04,2.53,1.02,0.257,1.34,0.304,70.20%,4.23,4.19,999,2.75,-1.24,0.99
289,Bryce Jarvis,ARI,2,27,39.2,2,2,0,0,1,40,21,5,34,18,7.77,3.96,1.96,1.14,0.258,1.45,0.303,69.20%,4.71,4.61,999,2.08,-0.93,0.55
290,Ty Adcock,SEA,0,25,26.1,1,1,0,0,2,25,12,4,25,7,8.45,2.38,3.56,1.35,0.246,1.21,0.289,72.00%,4.05,4.2,999,1.21,0.74,1.09
291,Austin Voth,SEA,3,38,51.2,2,3,1,0,4,52,26,8,49,19,8.47,3.28,2.58,1.4,0.256,1.36,0.301,71.60%,4.5,4.64,999,2.87,-0.72,0.45
292,Xzavion Curry,CLE,4,34,58.2,2,3,1,0,2,60,30,9,44,19,6.8,2.9,2.35,1.36,0.26,1.34,0.288,70.30%,4.53,4.81,747.6,2.3,-0.25,0.45
293,Adam Kloffenstein,STL,1,14,17,1,1,0,0,1,17,8,2,15,7,8.02,3.65,2.2,1.06,0.251,1.38,0.299,69.90%,4.39,4.41,999,1.55,-0.49,1.06
294,Jairo Iriarte,,0,19,21,1,1,0,0,1,18,10,3,23,10,10.01,4.11,2.44,1.14,0.232,1.33,0.295,70.50%,4.29,4.25,999,1.27,0.21,1.02
295,Cole Sands,MIN,0,25,30.2,1,1,0,0,1,29,15,4,30,12,8.97,3.62,2.48,1.19,0.249,1.37,0.304,71.10%,4.36,4.34,999,2.5,-0.96,0.87
296,DJ Herz,WSN,1,11,14.2,1,1,0,0,0,13,7,2,16,8,10.07,5.26,1.92,1.1,0.229,1.45,0.293,70.80%,4.49,4.54,999,1.38,-0.15,1.05
297,Matt Sauer,KCR,2,33,44.2,2,3,1,0,2,44,24,6,41,19,8.31,3.76,2.21,1.26,0.253,1.4,0.299,68.50%,4.76,4.67,999,2.01,-0.18,0.48
298,Oliver Ortega,HOU,0,19,22,1,1,0,0,2,21,10,3,22,10,8.8,3.89,2.26,1.12,0.244,1.37,0.296,72.00%,4.21,4.37,999,1.51,-0.45,0.99
299,Andrew Bellatti,,0,23,23,1,1,0,0,2,21,12,4,25,10,9.9,4.06,2.44,1.48,0.243,1.38,0.299,71.60%,4.61,4.66,999,1.42,0.06,0.9
300,José Quijada,LAA,0,18,18.1,1,2,0,1,4,15,9,2,21,9,10.45,4.3,2.43,1.18,0.224,1.31,0.288,70.20%,4.3,4.3,999,1.14,-0.38,1.07
301,Ryan Burr,PHI,0,13,15.1,1,1,0,0,0,15,8,2,13,5,7.43,2.83,2.62,1.13,0.252,1.29,0.291,66.70%,4.54,4.3,999,0.66,-1.17,1.12
302,Jose A. Ferrer,WSN,0,42,40.1,3,1,0,0,6,42,20,5,34,15,7.5,3.39,2.21,1.06,0.263,1.41,0.308,69.00%,4.57,4.39,999,3.46,-2.64,0.57
303,Sammy Peralta,CHW,0,30,34,2,2,0,0,3,34,17,5,30,12,7.97,3.26,2.45,1.2,0.258,1.37,0.303,70.50%,4.43,4.41,999,4.3,-1.35,0.76
304,Caleb Kilian,CHC,2,16,22,1,1,1,0,1,22,11,3,18,7,7.51,3.07,2.45,1.06,0.261,1.37,0.305,67.40%,4.6,4.58,750.2,1.99,-1.54,0.95
305,Jacob Waguespack,TBR,0,13,13.2,1,1,0,0,1,13,6,2,13,5,8.77,3.39,2.59,1.07,0.252,1.35,0.308,70.70%,4.26,4.14,999,0.88,0.72,1.12
306,Jose Cuas,CHC,0,53,51.2,3,2,0,0,9,50,25,6,52,24,8.98,4.23,2.12,1.03,0.25,1.43,0.309,72.20%,4.26,4.41,999,2.68,-1.56,0.48
307,Cade Smith,CLE,0,28,29.2,2,2,0,0,2,26,14,4,33,13,9.93,4.11,2.42,1.17,0.233,1.34,0.295,72.50%,4.14,4.27,999,1.41,-1.19,0.86
308,George Soriano,MIA,0,42,50.1,1,2,0,0,4,49,25,6,48,23,8.53,4.06,2.1,1.1,0.252,1.43,0.304,71.00%,4.44,4.52,999,3.89,-1.14,0.56
309,Dany Jiménez,OAK,0,53,53.2,2,3,0,7,12,44,25,7,57,28,9.51,4.75,2,1.17,0.221,1.35,0.273,72.70%,4.15,4.51,566.5,1.37,-0.43,0.78
310,Jackson Wolf,PIT,1,17,22.2,2,2,1,0,0,23,12,3,20,8,7.88,2.99,2.64,1.32,0.257,1.33,0.297,69.30%,4.56,4.5,999,1.57,-0.17,0.92
311,Stephen Kolek,SDP,0,19,20.2,1,1,0,0,1,20,10,2,18,8,7.92,3.7,2.14,0.96,0.253,1.39,0.302,69.00%,4.42,4.32,999,1.68,-0.13,0.99
312,Jay Jackson,MIN,0,35,37,3,2,0,0,3,33,16,6,38,12,9.38,3.04,3.08,1.5,0.238,1.24,0.284,77.30%,3.84,4.47,999,3.35,-0.25,0.87
313,Ryder Ryan,PIT,0,13,13.1,1,1,0,0,1,12,7,1,13,6,8.86,3.74,2.37,0.99,0.238,1.32,0.294,65.80%,4.58,4.1,999,0.96,-0.94,1.12
314,Josh Walker,NYM,0,16,15.1,1,1,0,0,1,14,7,2,16,6,9.13,3.38,2.7,1.16,0.245,1.32,0.301,72.00%,4.13,4.11,999,1,-1.53,1.13
315,Sean Newcomb,OAK,1,39,45.2,2,2,0,0,5,41,23,5,49,26,9.58,5.2,1.84,1.08,0.237,1.48,0.298,70.70%,4.57,4.6,999,3.04,-0.53,0.47
316,Naoyuki Uwasawa,TBR,1,15,21,1,1,0,0,1,21,11,3,18,7,7.71,3.14,2.46,1.29,0.253,1.33,0.291,68.80%,4.58,4.57,999,2.49,-1.15,1
317,Danny Young,NYM,0,7,7.2,0,0,0,0,0,7,3,1,8,3,9.74,3.86,2.53,0.71,0.246,1.37,0.323,74.10%,3.62,3.81,999,0.91,-1.19,1.26
318,Thomas Szapucki,SFG,0,5,7.2,0,0,0,0,1,7,4,1,9,4,10.67,4.55,2.35,0.97,0.233,1.38,0.31,72.30%,4.08,3.91,999,0.31,-0.01,1.22
319,Mike Baumann,BAL,0,40,46.1,3,3,0,0,5,44,22,5,44,21,8.49,3.99,2.13,1.05,0.246,1.39,0.298,71.80%,4.22,4.34,750.8,2.54,-0.93,0.54
320,Ron Marinaccio,NYY,0,43,45.2,2,3,0,0,7,37,21,6,52,24,10.37,4.78,2.17,1.14,0.219,1.34,0.282,72.40%,4.13,4.46,999,1.28,0.22,0.61
321,Tommy Nance,SDP,0,13,14,1,1,0,0,1,13,7,2,14,6,9.34,3.81,2.45,1.11,0.243,1.35,0.303,70.90%,4.28,4.22,999,2.06,-0.71,1.11
322,Cody Poteet,NYY,1,23,27.1,1,1,0,0,1,25,13,4,26,11,8.64,3.52,2.45,1.35,0.242,1.32,0.286,70.90%,4.41,4.59,999,1.24,-0.58,0.9
323,Víctor Arano,,0,13,13.2,1,1,0,0,0,13,6,2,14,5,8.83,3.21,2.75,1.19,0.245,1.3,0.297,71.40%,4.17,4.25,999,0.56,0.45,1.15
324,Parker Mushinski,HOU,0,27,28,1,1,0,0,1,26,13,3,28,10,8.83,3.3,2.67,1.07,0.242,1.29,0.296,71.50%,4.04,4.21,999,1.69,-0.54,0.98
325,Spencer Howard,SFG,1,18,23.1,1,2,0,0,1,23,13,4,24,9,9.3,3.48,2.67,1.52,0.258,1.39,0.31,68.40%,4.99,4.8,999,5.03,-0.83,0.84
326,Penn Murfee,ATL,0,17,16.2,1,1,0,0,1,16,8,2,17,6,9.14,3.39,2.7,1.29,0.248,1.33,0.301,71.50%,4.34,4.38,999,1.73,2.03,1.05
327,Daysbel Hernández,,0,28,28.1,2,1,0,0,2,26,14,4,32,14,10,4.36,2.29,1.19,0.239,1.39,0.303,71.70%,4.37,4.32,999,1.85,-0.81,0.74
328,Michael Rucker,PHI,0,23,26.1,1,1,0,0,1,26,14,4,24,10,8.17,3.33,2.45,1.31,0.255,1.37,0.299,69.10%,4.66,4.6,999,1.95,-0.66,0.89
329,Jimmy Cordero,,0,6,6.2,1,0,0,0,2,6,3,1,7,2,8.79,3.12,2.81,0.93,0.226,1.19,0.279,65.50%,4.19,3.87,999,0.73,2.11,1.25
330,Ryan Fernandez,STL,0,32,34,2,2,0,0,2,34,16,5,30,12,7.87,3.21,2.45,1.24,0.256,1.35,0.298,73.40%,4.16,4.47,999,1.56,-0.4,0.8
331,Carson Coleman,TEX,0,22,23,1,1,0,0,2,21,12,3,24,10,9.46,4.08,2.32,1.19,0.24,1.37,0.298,69.20%,4.56,4.49,999,1.68,0.27,0.91
332,Hogan Harris,,1,21,31,1,2,1,0,1,29,17,4,29,14,8.35,4.16,2.01,1.18,0.246,1.41,0.293,67.10%,4.86,4.63,999,3.69,-0.65,0.72
333,Andrew Vasquez,DET,0,16,17,1,1,0,0,1,16,8,2,16,8,8.39,4.11,2.04,0.87,0.244,1.39,0.299,70.30%,4.21,4.35,999,1.15,-0.37,1.08
334,Calvin Faucher,MIA,1,29,32.1,2,2,0,0,2,34,18,4,32,15,8.79,4.1,2.15,1.21,0.264,1.5,0.321,68.70%,4.95,4.54,999,3.1,-0.6,0.59
335,Jarlín García,,0,28,29.2,1,2,0,0,1,28,14,5,27,9,8.12,2.83,2.87,1.36,0.244,1.25,0.282,72.90%,4.08,4.47,999,0.72,1.19,1
336,Kirby Yates,TEX,0,59,58.2,3,4,0,2,13,49,27,9,71,31,10.94,4.7,2.33,1.35,0.222,1.35,0.287,74.30%,4.17,4.52,565.6,1.51,-0.24,0.38
337,Hunter Stratton,PIT,0,16,17,1,1,0,0,2,16,8,2,17,9,9.22,4.73,1.95,1.11,0.24,1.44,0.297,71.60%,4.41,4.54,999,1.58,0.21,1.02
338,Justin Slaten,NYM,0,37,41,2,2,0,0,5,41,23,6,45,19,9.92,4.17,2.38,1.34,0.254,1.45,0.317,68.30%,4.98,4.51,999,3.19,-0.77,0.41
339,Jorge López,NYM,1,48,53,3,3,0,1,8,52,26,7,50,20,8.49,3.39,2.5,1.25,0.253,1.36,0.301,71.00%,4.41,4.55,749.9,2.81,-0.09,0.48
340,Tucker Davidson,BAL,1,21,24,1,2,0,0,2,24,12,3,21,10,7.85,3.74,2.1,1.11,0.259,1.43,0.305,69.00%,4.65,4.48,999,4.61,-1.32,0.92
341,R.J. Dabovich,SFG,0,23,23.2,1,1,0,0,2,21,12,3,25,12,9.52,4.55,2.09,1.15,0.236,1.4,0.295,71.30%,4.39,4.44,999,0.57,-0.74,0.91
342,Darren McCaughan,MIA,0,11,14.1,1,1,0,0,1,15,7,2,12,4,7.41,2.25,3.29,1.38,0.269,1.32,0.305,68.60%,4.65,4.5,999,1.52,-0.39,1.11
343,Landon Knack,,0,11,14.2,1,1,0,0,0,14,7,2,14,4,8.35,2.7,3.1,1.33,0.252,1.28,0.296,70.20%,4.35,4.35,746.8,1.49,0.62,1.13
344,Braxton Ashcraft,PIT,0,14,15.1,1,1,0,0,1,15,8,2,14,5,7.96,3.15,2.53,1.19,0.255,1.34,0.299,70.20%,4.4,4.4,999,1,-1.95,1.09
345,Zak Kent,TEX,0,8,9,0,0,0,0,1,9,4,1,8,3,8.09,2.83,2.86,1.24,0.251,1.29,0.295,70.10%,4.31,4.29,999,0.92,-0.98,1.23
346,Grant Hartwig,NYM,0,23,25.1,3,2,0,0,1,25,13,3,24,12,8.52,4.28,1.99,1,0.251,1.45,0.307,69.50%,4.55,4.5,999,1.49,-0.26,0.75
347,Tyler Samaniego,PIT,0,18,18,1,1,0,0,2,18,9,2,15,9,7.5,4.31,1.74,0.9,0.259,1.49,0.307,70.50%,4.47,4.47,999,0.36,0.99,0.98
348,Colby White,TBR,0,28,27.1,1,1,0,0,1,25,13,4,30,14,10.01,4.55,2.2,1.24,0.237,1.41,0.3,71.90%,4.43,4.49,999,1.19,0.2,0.81
349,Ben Heller,PIT,0,19,20,1,1,0,0,3,20,10,2,19,8,8.34,3.66,2.28,1.06,0.253,1.39,0.305,68.80%,4.52,4.4,999,1.14,0.4,0.97
350,Jacob Misiorowski,MIL,1,19,24,1,1,0,0,1,20,12,3,27,13,10.02,4.87,2.06,1.26,0.228,1.4,0.286,70.10%,4.6,4.75,999,1.51,0.36,0.85
351,Randy Dobnak,MIN,0,9,12.1,1,1,0,0,1,14,6,1,9,5,6.88,3.57,1.93,0.81,0.288,1.57,0.336,71.60%,4.44,4.23,999,2.3,-0.32,1.08
352,Tyson Miller,SEA,0,15,17,1,1,0,0,1,16,8,2,16,6,8.58,3.37,2.55,1.24,0.246,1.32,0.294,71.40%,4.26,4.45,999,0.65,-0.68,1.07
353,Zach McAllister,,0,30,29.1,1,1,0,0,4,28,15,5,30,12,9.14,3.56,2.57,1.41,0.25,1.36,0.301,69.30%,4.72,4.7,999,1,-1.28,0.79
354,Ben Lively,CLE,4,34,55.1,3,4,1,0,1,57,29,9,49,17,7.93,2.82,2.81,1.51,0.261,1.34,0.298,70.10%,4.67,4.77,747.5,3.32,-0.49,0.4
355,Patrick Monteverde,MIA,2,15,24.2,1,2,0,0,1,26,13,4,20,9,7.22,3.37,2.14,1.35,0.265,1.42,0.299,69.60%,4.78,4.85,999,0.9,-0.11,0.86
356,Austin Pruitt,TEX,1,21,24.1,1,2,0,0,2,25,12,4,18,6,6.69,2.3,2.91,1.58,0.263,1.29,0.285,70.80%,4.57,4.95,999,1.02,2.6,0.99
357,Ethan Roberts,CHC,0,11,11.1,1,1,0,0,1,11,5,1,11,4,8.88,3.44,2.58,1.17,0.244,1.32,0.297,71.80%,4.17,4.33,999,1.2,2.21,1.16
358,Will Klein,KCR,0,15,16.2,1,1,0,0,1,17,9,2,17,9,9.2,5.13,1.79,0.95,0.257,1.57,0.323,68.80%,4.91,4.43,999,1.76,0.47,0.94
359,Francisco Pérez,,0,5,5.1,0,0,0,0,0,5,3,0,5,3,8.99,4.5,2,0.79,0.229,1.36,0.289,68.30%,4.28,4.03,999,0.86,-0.43,1.25
360,Anthony Gose,CLE,0,12,12,1,1,0,0,1,10,5,2,15,7,11.23,4.89,2.3,1.17,0.217,1.35,0.29,75.80%,3.84,4.24,999,0.95,-0.33,1.15
361,Rob Zastryzny,MIL,0,9,9,0,0,0,0,1,9,5,1,8,4,8.24,4.11,2,1.18,0.252,1.43,0.299,70.20%,4.61,4.58,999,2.06,-0.88,1.18
362,Anthony Misiewicz,NYY,0,16,16.2,1,1,0,0,1,17,8,3,15,6,8.35,3.39,2.46,1.4,0.26,1.4,0.305,71.40%,4.59,4.61,999,1.78,-0.87,1
363,Pierson Ohl,MIN,0,11,11.2,1,1,0,0,1,12,6,2,9,2,7.25,1.82,3.98,1.29,0.265,1.25,0.301,69.50%,4.3,4.27,999,0.58,0.15,1.19
364,Cole Sulser,NYM,0,14,15.2,1,1,0,1,2,15,8,2,16,6,9.07,3.75,2.41,1.43,0.25,1.38,0.299,72.40%,4.49,4.63,999,1.7,0.79,1.09
365,Brandon Bielak,HOU,3,31,46.1,3,3,1,0,3,46,22,6,40,19,7.71,3.64,2.12,1.17,0.257,1.41,0.299,72.70%,4.28,4.64,743.3,1.99,-0.69,0.56
366,Thomas Hatch,PIT,1,11,15.2,1,1,0,0,3,20,9,2,14,7,8.12,3.77,2.16,1.22,0.301,1.67,0.358,68.90%,5.38,4.69,999,2.53,-0.11,0.88
367,T.J. Brock,TOR,0,9,9,1,1,0,0,1,8,4,1,9,4,9.4,3.87,2.43,1.17,0.237,1.33,0.293,71.90%,4.18,4.34,999,0.49,0.61,1.19
368,Diego Castillo,TEX,0,17,17.2,1,1,0,1,2,16,9,2,16,8,8.28,4.06,2.04,1.23,0.243,1.38,0.286,70.00%,4.54,4.74,999,1.98,0.61,1.01
369,Yerry De Los Santos,NYY,0,15,15.2,1,1,0,0,2,15,7,2,14,7,8.06,3.82,2.11,1.07,0.256,1.42,0.305,72.80%,4.21,4.41,999,6.04,-1.93,1.1
370,Jonathan Bowlan,KCR,2,13,16,1,2,1,0,0,17,8,2,13,6,7.51,3.3,2.28,1.37,0.271,1.44,0.309,71.20%,4.69,4.78,999,2,-0.98,1.02
371,Evan Justice,COL,0,34,32.2,2,2,0,0,2,32,19,4,36,20,9.76,5.47,1.79,1.12,0.252,1.59,0.32,68.10%,5.17,4.75,999,5.24,-3.02,0.48
372,Cody Laweryson,MIN,0,12,12.2,1,1,0,0,1,13,6,2,12,4,8.47,3.13,2.7,1.22,0.254,1.33,0.302,69.30%,4.48,4.3,999,0.98,0.37,1.13
373,Tayler Saucedo,SEA,0,53,51.1,3,2,0,0,6,48,23,5,48,22,8.31,3.89,2.14,0.96,0.243,1.36,0.295,72.10%,4.04,4.28,999,2.69,-0.55,0.6
374,Joe La Sorsa,WSN,0,18,20,1,1,0,0,1,21,10,3,15,6,6.87,2.77,2.48,1.23,0.266,1.36,0.3,69.80%,4.51,4.65,999,2.43,-0.16,1.03
375,Connor Cooke,TOR,0,6,6.2,0,0,0,0,1,6,3,1,7,2,9.45,3.38,2.79,1.27,0.238,1.28,0.292,72.10%,4.14,4.31,999,0.69,-0.9,1.27
376,Nick Snyder,PHI,0,6,6,0,0,0,0,1,6,3,1,6,3,9.16,4.08,2.24,1.22,0.246,1.4,0.301,70.40%,4.54,4.4,999,0.96,-1.22,1.25
377,Codi Heuer,,0,20,20.2,1,1,0,0,1,20,10,3,18,8,7.92,3.51,2.26,1.2,0.253,1.37,0.296,71.30%,4.36,4.51,999,1.56,2.42,0.98
378,Easton Lucas,OAK,0,10,11.2,0,0,0,0,1,11,6,2,10,4,7.77,3.23,2.41,1.18,0.252,1.34,0.294,68.70%,4.51,4.37,999,1.1,0.86,1.19
379,Matt Wisler,,1,8,9.1,1,1,0,0,1,8,4,1,8,4,7.98,3.47,2.3,1.32,0.235,1.28,0.27,75.20%,3.9,4.65,999,3.6,-0.56,1.21
380,Mark Melancon,,0,18,18.1,1,2,0,2,0,20,9,2,13,7,6.42,3.39,1.9,0.98,0.272,1.46,0.308,70.70%,4.42,4.49,999,2.08,-0.21,1.03
381,Royber Salinas,OAK,0,7,8.1,0,1,0,0,0,7,4,1,9,4,9.64,4.32,2.23,1.04,0.23,1.35,0.291,72.30%,4.06,4.16,999,1.05,-0.57,1.24
382,Michael Tonkin,NYM,0,39,45,3,2,0,0,3,41,22,7,45,16,9.03,3.11,2.9,1.47,0.238,1.25,0.282,70.80%,4.38,4.56,999,1.76,-0.92,0.67
383,Blair Calvo,DET,0,6,6.2,0,0,0,0,1,6,4,0,4,3,5.96,3.58,1.67,0.63,0.237,1.3,0.271,58.70%,4.92,4.13,999,0.62,0.99,1.26
384,Justin Martinez,ARI,0,27,27.1,1,1,0,0,1,23,14,3,33,18,10.9,5.95,1.83,0.93,0.228,1.52,0.308,70.90%,4.51,4.42,750,2.85,-0.49,0.76
385,Brooks Kriske,CIN,0,7,7.1,0,0,0,0,1,6,4,1,8,4,9.96,4.44,2.24,1.5,0.236,1.39,0.289,70.70%,4.75,4.76,999,1.12,0.28,1.2
386,Wilking Rodríguez,STL,0,9,9.2,0,0,0,0,0,10,5,1,9,4,8.66,3.86,2.24,1.17,0.252,1.41,0.304,71.90%,4.35,4.43,999,1.91,0.9,1.17
387,Griff McGarry,PHI,1,9,13,0,0,0,0,1,11,7,2,13,8,9.35,5.73,1.63,1.23,0.234,1.52,0.286,70.30%,4.85,5,999,3.08,-1.32,1.06
388,José Ruiz,PHI,0,21,23,1,1,0,0,2,22,12,4,23,10,9.02,4.1,2.2,1.37,0.249,1.42,0.299,71.10%,4.65,4.78,999,2.5,-0.58,0.92
389,Justin Wilson,,0,11,11,1,1,0,0,1,11,5,2,11,4,8.71,3.63,2.4,1.27,0.251,1.38,0.301,71.90%,4.38,4.46,999,0.72,-0.13,1.14
390,James Naile,,0,13,16.1,1,1,0,0,1,19,9,2,12,6,6.86,3.29,2.09,1.02,0.284,1.51,0.326,68.90%,4.8,4.41,999,1.16,-1.36,1
391,Austin Pope,ARI,0,11,11.2,1,1,0,0,1,12,6,1,11,5,8.27,3.55,2.33,1.12,0.258,1.4,0.309,70.00%,4.49,4.37,999,0.64,0.56,1.13
392,Zach Brzykcy,WSN,0,16,16.1,1,1,0,0,1,15,8,2,16,8,9.02,4.28,2.11,1.22,0.243,1.41,0.295,70.20%,4.57,4.62,999,0.8,1.04,1.02
393,Tyler Duffey,,0,23,25.1,1,1,0,0,2,25,13,4,23,11,8.24,3.92,2.1,1.32,0.254,1.42,0.297,71.90%,4.52,4.75,999,1.51,0.98,0.9
394,Bailey Horn,CHW,0,6,8,1,0,0,0,0,8,4,1,8,4,9.03,4.62,1.96,1.04,0.255,1.51,0.316,68.50%,4.85,4.43,999,1.2,0.44,1.14
395,Chasen Shreve,TEX,0,21,21.1,1,1,0,0,3,21,11,3,21,8,8.68,3.53,2.46,1.46,0.251,1.36,0.295,71.30%,4.59,4.7,999,1.74,-0.73,0.98
396,Trevor Brigden,TBR,0,13,14.1,1,1,0,0,1,13,7,2,14,5,8.92,3.42,2.61,1.35,0.242,1.31,0.289,71.20%,4.35,4.52,999,1.11,1.18,1.11
397,Kade McClure,,0,14,14.1,1,1,0,0,1,15,7,2,11,5,7.17,3.04,2.36,1.21,0.266,1.39,0.304,69.80%,4.57,4.56,999,0.7,-1.09,1.08
398,Tim Cate,WSN,0,10,10.1,1,1,0,0,1,11,5,1,8,4,7.02,3.63,1.93,1.08,0.265,1.45,0.304,69.10%,4.68,4.59,999,0.88,0.04,1.14
399,Hayden Juenger,TOR,0,12,12,1,1,0,0,1,11,6,2,12,5,8.94,3.61,2.48,1.33,0.243,1.33,0.291,71.70%,4.35,4.54,999,0.64,-1.09,1.14
400,Bryan Hoeing,MIA,2,30,39.1,2,2,0,0,2,42,21,6,29,12,6.71,2.71,2.47,1.31,0.269,1.37,0.299,66.80%,4.89,4.69,999,3.14,-0.72,0.66
401,Dinelson Lamet,LAD,0,11,11.2,1,1,0,0,1,12,7,2,13,6,10.2,4.29,2.38,1.42,0.253,1.46,0.318,66.20%,5.28,4.61,999,5.81,-1.13,1.03
402,Roddery Muñoz,MIA,0,15,15,1,1,0,0,1,15,8,2,14,7,8.42,4.11,2.05,1.13,0.255,1.45,0.307,71.00%,4.52,4.51,999,1.03,0.22,1.04
403,Kyle Crick,NYM,0,16,15.2,1,1,0,0,4,12,7,2,16,8,9.43,4.68,2.02,1.1,0.214,1.31,0.265,69.60%,4.27,4.55,999,1.07,-0.54,1.11
404,Glenn Otto,SDP,1,22,29.1,1,2,0,0,2,27,15,4,28,14,8.72,4.16,2.09,1.3,0.241,1.38,0.286,70.00%,4.6,4.75,999,3.43,-0.82,0.81
405,Matt Andriese,MIA,0,6,6,0,0,0,0,1,7,3,1,5,2,6.85,2.31,2.96,1.26,0.277,1.37,0.312,69.10%,4.62,4.42,999,0.9,-0.82,1.26
406,Jordan Weems,WSN,0,57,61,3,3,0,0,10,55,31,9,63,29,9.24,4.27,2.16,1.38,0.238,1.38,0.287,71.20%,4.57,4.77,999,2.78,-1.06,0.25
407,Jhonathan Diaz,,1,14,18,1,1,0,0,2,18,9,2,15,8,7.29,3.75,1.95,1.05,0.253,1.4,0.293,70.40%,4.38,4.71,999,1.04,-0.25,1.05
408,Max Kranick,NYM,0,15,15.1,1,1,0,0,2,15,8,2,14,5,7.9,3.15,2.51,1.3,0.256,1.35,0.296,70.90%,4.43,4.55,999,1.02,-1.15,1.11
409,Luis Perdomo,,0,19,19.1,1,1,0,0,1,20,10,3,15,7,7.12,3.22,2.21,1.23,0.265,1.41,0.302,69.20%,4.68,4.68,999,1.79,-0.01,1
410,Nick Vespi,BAL,0,23,26,2,1,0,0,1,26,12,4,23,9,8,2.96,2.7,1.24,0.254,1.32,0.297,72.50%,4.16,4.39,999,1.4,-0.51,0.92
411,Alex Reyes,,0,12,12.1,1,1,0,0,0,10,6,2,14,7,10.2,5.39,1.89,1.12,0.227,1.45,0.292,71.20%,4.48,4.54,999,1.58,-2.2,1.06
412,Trey Wingenter,DET,0,25,25,1,1,0,0,1,24,13,3,28,11,9.91,4.1,2.42,1.2,0.245,1.4,0.31,69.30%,4.62,4.4,999,3.21,-1.38,0.88
413,Marc Church,TEX,0,29,31.2,3,2,0,0,1,30,16,5,33,15,9.32,4.36,2.14,1.32,0.247,1.44,0.302,72.40%,4.51,4.67,999,0.89,-0.15,0.64
414,Matt Gage,LAD,0,19,20.2,1,1,0,0,1,20,10,3,20,9,8.71,3.95,2.2,1.19,0.252,1.42,0.304,74.00%,4.19,4.48,999,2.03,-1.06,1.02
415,Alex Speas,CHW,0,31,31.1,1,6,0,0,4,27,16,4,37,19,10.67,5.59,1.91,1.11,0.231,1.49,0.304,71.00%,4.6,4.49,999,3.94,-2.48,0.72
416,Ken Giles,ATL,0,15,14.2,1,1,0,0,1,15,8,2,17,8,10.12,4.94,2.05,1.23,0.253,1.53,0.323,68.40%,5.09,4.55,999,2.55,-0.28,0.97
417,Nic Enright,CLE,0,9,8.2,1,1,0,0,1,8,4,1,8,3,8.52,2.86,2.98,1.41,0.246,1.26,0.288,71.60%,4.28,4.42,999,0.39,2.75,1.21
418,Reed Garrett,NYM,0,13,14.1,1,1,0,0,1,15,8,2,13,7,8.1,4.2,1.93,1.23,0.258,1.47,0.303,70.50%,4.72,4.77,999,0.99,-0.67,1
419,Austin Schulfer,MIN,0,5,5.1,0,0,0,0,0,5,3,1,5,2,8.02,3.95,2.03,0.99,0.254,1.43,0.304,66.20%,4.84,4.4,999,0.53,-0.02,1.25
420,Corey Knebel,,0,26,25.2,2,2,0,4,1,23,12,3,26,13,9.19,4.58,2,1.19,0.238,1.42,0.292,72.80%,4.31,4.59,719.4,1.97,-2.89,0.93
421,Michael Kelly,OAK,0,32,34.1,2,2,0,0,1,32,16,4,36,18,9.39,4.72,1.99,1.06,0.246,1.47,0.308,72.80%,4.3,4.45,999,2.23,-0.94,0.71
422,Bryan Mata,BOS,4,36,55.1,2,4,1,0,3,56,30,6,51,34,8.39,5.5,1.53,1.05,0.259,1.62,0.313,70.90%,4.88,4.93,999,6.85,-1.49,0.69
423,Ronny Henriquez,MIN,0,8,9.1,0,1,0,0,1,9,5,1,8,4,7.95,4.04,1.97,0.99,0.251,1.42,0.299,67.60%,4.67,4.45,999,1.79,0.06,1.16
424,Colton Gordon,HOU,0,7,6.2,1,0,0,0,1,6,3,1,6,2,8.72,3.33,2.62,1.32,0.246,1.31,0.292,72.00%,4.27,4.44,999,0.62,0.05,1.23
425,Shawn Dubin,HOU,0,18,23.1,1,1,0,0,1,21,11,3,25,11,9.48,4.39,2.16,1.1,0.24,1.4,0.3,72.30%,4.24,4.38,999,3.93,-1.69,0.94
426,Jacob Barnes,WSN,0,14,15.1,0,1,0,0,1,16,9,2,12,6,6.93,3.34,2.07,1.27,0.269,1.44,0.303,66.50%,5.07,4.81,999,1.82,-0.37,1.04
427,Frank German,BOS,0,6,6.2,0,0,0,0,0,7,4,1,7,3,9.16,4,2.29,1.31,0.261,1.47,0.318,67.50%,5.09,4.58,999,0.26,-1.09,1.19
428,Cody Bolton,SEA,0,17,20,1,1,0,0,1,19,10,2,19,8,8.57,3.71,2.31,1.11,0.25,1.38,0.302,68.90%,4.54,4.33,999,2.45,-1.35,0.97
429,Michael Plassmeyer,PIT,0,10,12,0,1,0,0,1,12,6,2,10,4,7.96,2.71,2.93,1.4,0.258,1.31,0.297,70.40%,4.48,4.86,999,1.07,-0.56,1.18
430,Justin Bruihl,,0,9,9.2,1,1,0,0,1,10,5,1,8,4,7.13,3.55,2.01,1.23,0.259,1.41,0.294,68.50%,4.76,4.84,999,1.61,0.59,1.15
431,Lucas Luetge,BOS,0,14,15.1,1,1,0,0,1,16,8,2,14,5,8.13,3.15,2.58,1.27,0.27,1.42,0.318,71.70%,4.5,4.5,999,1.05,1.78,1.03
432,Randy Rodríguez,SFG,0,22,23.2,1,1,0,0,1,21,12,2,25,15,9.41,5.79,1.63,0.92,0.236,1.54,0.3,69.30%,4.73,4.62,999,2.4,0.24,0.8
433,Ryan Loutos,STL,0,31,31.2,1,1,0,0,2,32,16,4,26,13,7.29,3.77,1.94,1.11,0.257,1.42,0.296,70.70%,4.46,4.61,999,0.54,-0.38,0.8
434,José Castillo,ARI,0,7,6.1,0,0,0,0,1,6,3,1,7,3,9.15,4.44,2.06,0.88,0.25,1.46,0.315,67.60%,4.68,4.42,999,1.36,-0.39,1.2
435,Sam Long,KCR,0,8,12.1,1,0,0,0,1,13,7,1,9,5,6.56,3.72,1.76,1.04,0.271,1.49,0.308,67.20%,4.96,4.65,999,2.33,-0.4,1.06
436,Dugan Darnell,COL,0,8,7.2,0,1,0,0,1,8,5,1,7,3,8.04,3.89,2.07,1.45,0.268,1.49,0.31,67.80%,5.24,4.98,999,0.79,0.29,1.17
437,Dennis Santana,NYY,0,21,22.1,1,1,0,0,4,21,12,3,22,11,8.93,4.38,2.04,1.11,0.241,1.41,0.295,68.60%,4.64,4.52,999,1.72,-0.7,0.89
438,Austin Cox,KCR,0,14,15,0,1,0,0,2,15,8,2,12,6,7.15,3.63,1.97,1.11,0.255,1.39,0.292,68.40%,4.64,4.6,999,1.12,-0.17,1.11
439,Sam Bachman,LAA,1,25,31.1,2,2,0,0,2,31,16,4,27,17,7.84,4.88,1.61,1.01,0.255,1.53,0.302,70.00%,4.71,4.77,999,1.63,0.27,0.67
440,Shane Drohan,CHW,1,26,28,2,2,0,0,2,27,14,4,26,13,8.36,4.09,2.04,1.3,0.251,1.43,0.296,70.90%,4.62,4.77,999,1.44,0.43,0.77
441,Devin Sweet,,0,11,11.2,0,0,0,0,1,12,6,2,10,4,8.04,3.14,2.56,1.39,0.254,1.34,0.294,69.50%,4.63,4.75,999,1,0.23,1.15
442,Jake Cousins,CHW,0,16,16.2,1,1,0,0,1,15,8,2,18,9,9.78,4.72,2.07,1.18,0.232,1.4,0.291,73.50%,4.2,4.54,999,3.26,-0.79,1.04
443,Matt Bush,,0,23,23.2,1,1,0,0,2,21,12,4,25,9,9.42,3.48,2.71,1.52,0.238,1.29,0.284,71.80%,4.42,4.63,999,1.16,-0.13,1
444,Grant Holmes,ATL,0,7,7,0,0,0,0,1,7,4,1,7,3,8.24,3.61,2.28,1.32,0.263,1.44,0.31,69.90%,4.77,4.66,999,1.1,-2.06,1.19
445,Michael Mercado,PHI,0,6,7.1,0,0,0,0,0,7,4,1,7,3,8.75,3.59,2.44,1.54,0.249,1.36,0.291,69.90%,4.78,4.87,999,1.04,-0.79,1.19
446,Nicholas Padilla,CHW,0,14,16.1,1,2,0,0,1,17,8,2,16,10,8.74,5.74,1.52,1.05,0.267,1.7,0.328,74.40%,4.6,4.85,999,3.02,-0.48,0.95
447,Chris Rodriguez,ARI,0,13,13.1,0,1,0,0,1,13,7,2,12,7,8.35,4.42,1.89,1.03,0.254,1.48,0.307,71.30%,4.46,4.55,999,1.16,-1.02,1.1
448,Danny Duffy,,1,16,20.1,1,1,0,0,1,19,10,3,20,11,8.93,4.74,1.88,1.38,0.246,1.47,0.293,72.80%,4.61,4.97,749.2,2.25,-0.46,0.91
449,Dan Altavilla,KCR,0,14,14.1,1,1,0,0,1,14,8,2,14,7,8.59,4.25,2.02,1.21,0.257,1.48,0.308,69.50%,4.81,4.67,999,2.02,0.1,1.03
450,Erich Uelmen,PHI,0,6,7,0,0,0,0,0,8,4,1,6,4,7.91,4.49,1.76,1.1,0.272,1.58,0.322,64.40%,5.56,4.8,999,0.71,-0.73,1.14
451,Zach McCambley,MIA,0,6,6.2,0,1,0,0,1,7,3,1,6,3,8.06,3.76,2.14,1.23,0.259,1.43,0.304,69.20%,4.75,4.7,999,0.92,-0.53,1.22
452,Yosver Zulueta,TOR,0,21,21.2,1,1,0,0,1,20,11,3,22,12,9.05,5.03,1.8,1.05,0.238,1.47,0.295,71.90%,4.39,4.69,999,1.42,-0.47,0.9
453,Max Castillo,PHI,0,15,19,0,1,0,0,1,20,10,3,15,6,7.11,2.95,2.41,1.52,0.263,1.36,0.291,69.20%,4.83,5.03,999,2.14,-0.89,1.04
454,Denyi Reyes,NYM,2,18,28.2,1,1,1,0,3,32,16,5,22,9,6.88,2.86,2.4,1.6,0.275,1.42,0.302,69.60%,5.01,5.11,999,3.67,-0.61,0.81
455,Geoff Hartlieb,COL,0,13,14.2,1,1,0,0,2,16,9,2,12,7,7.38,4.29,1.72,1.37,0.272,1.56,0.309,68.50%,5.29,5.2,999,0.78,1.43,0.97
456,Kyle Nicolas,PIT,0,25,27.2,1,1,0,0,3,26,14,4,29,14,9.55,4.42,2.16,1.21,0.245,1.43,0.305,69.50%,4.7,4.6,999,1.46,-0.89,0.77
457,Jordan Balazovic,,0,14,16,0,0,0,0,2,16,8,2,15,8,8.24,4.36,1.89,1.08,0.257,1.49,0.308,71.20%,4.53,4.53,999,2.59,-1.52,1.04
458,Carl Edwards Jr.,,0,24,25.1,2,1,0,1,5,24,12,3,22,11,7.81,3.98,1.96,1.17,0.251,1.41,0.293,73.30%,4.23,4.65,999,0.9,1.01,0.91
459,Josh Winder,MIN,1,24,31.2,2,2,0,0,1,33,16,4,27,12,7.73,3.51,2.2,1.28,0.265,1.44,0.307,71.40%,4.57,4.67,999,2.67,-1.4,0.69
460,Jacob Webb,BAL,0,51,53,3,3,0,0,10,48,25,7,53,25,9.01,4.27,2.11,1.22,0.239,1.38,0.289,72.50%,4.3,4.6,999,2.83,-1.45,0.45
461,Drew Pomeranz,,0,14,13.2,1,1,0,0,1,13,7,2,14,7,9.22,4.38,2.1,1.38,0.248,1.44,0.3,71.90%,4.64,4.79,999,1.99,0.09,1.05
462,Dylan Covey,PHI,0,32,40.1,2,2,0,0,2,42,20,5,30,17,6.82,3.81,1.79,1.15,0.267,1.48,0.302,72.30%,4.46,4.81,999,2.68,-0.02,0.65
463,Kevin Kopps,SDP,0,10,10.1,0,0,0,0,1,10,5,1,9,5,7.6,4.34,1.75,1.07,0.253,1.46,0.296,70.60%,4.54,4.76,999,0.77,-0.71,1.17
464,Amir Garrett,SFG,0,43,42.1,1,2,0,0,5,37,21,5,48,25,10.08,5.4,1.87,1.11,0.232,1.48,0.297,72.30%,4.42,4.55,999,2.55,-0.31,0.59
465,Yohan Ramírez,NYM,0,23,25.1,1,1,0,0,1,23,12,3,25,13,9.11,4.63,1.97,1.02,0.24,1.43,0.298,71.00%,4.36,4.63,999,1.78,-0.3,0.86
466,Logan Gillaspie,SDP,0,14,13.2,1,1,0,0,2,14,7,2,12,4,7.64,2.91,2.63,1.32,0.262,1.35,0.301,70.80%,4.47,4.63,999,1.29,-0.41,1.12
467,Matt Foster,CHW,0,13,13.1,0,0,0,0,2,13,7,2,13,5,8.48,3.19,2.66,1.53,0.253,1.33,0.293,70.00%,4.7,4.74,999,1.28,-0.45,1.13
468,Erik Sabrowski,CLE,0,9,9.1,1,1,0,0,1,8,5,1,9,5,9.08,4.96,1.83,1.16,0.241,1.47,0.295,72.00%,4.48,4.66,999,0.65,-1.12,1.13
469,Ricky Vanasco,,0,17,17.2,1,1,0,0,1,17,9,2,17,8,8.85,4.31,2.06,1.27,0.247,1.43,0.297,72.00%,4.49,4.7,999,0.6,-1,1
470,Tayler Scott,HOU,0,11,11,0,0,0,0,1,11,6,2,11,5,8.95,3.76,2.38,1.27,0.254,1.4,0.307,71.10%,4.52,4.56,999,1.32,-1.23,1.16
471,Colten Brewer,CHC,0,5,6,0,0,0,0,1,6,3,1,5,3,7.9,4.08,1.93,1.22,0.257,1.46,0.301,69.20%,4.81,4.8,999,1.25,-1.63,1.23
472,Duane Underwood Jr.,NYY,0,18,20.1,1,1,0,0,3,21,11,3,16,8,7.29,3.45,2.12,1.15,0.262,1.41,0.301,67.00%,4.85,4.6,999,1.87,-0.77,0.94
473,Christian Roa,CIN,0,12,13.2,1,1,0,0,1,13,7,2,15,8,10.05,5.39,1.86,1.44,0.241,1.52,0.299,72.10%,4.85,5.07,999,1.51,-0.52,1
474,Gus Varland,LAD,0,23,26.2,2,2,0,0,1,27,15,4,26,12,8.75,3.94,2.22,1.24,0.258,1.44,0.311,67.70%,4.94,4.58,750.7,1.76,-0.45,0.73
475,Casey Legumina,CIN,0,25,27.2,1,1,0,0,1,30,15,5,26,12,8.29,3.78,2.19,1.47,0.268,1.48,0.313,70.00%,5.02,4.9,999,1.63,0.47,0.71
476,Chih-Jung Liu,BOS,0,6,6.1,0,0,0,0,1,6,3,1,6,3,8.5,4.04,2.1,1.39,0.261,1.47,0.308,69.80%,4.93,4.9,999,0.77,-0.61,1.19
477,Clayton Andrews,NYY,0,16,16.1,1,1,0,0,2,15,8,2,18,8,9.84,4.5,2.19,1.37,0.234,1.39,0.29,70.40%,4.64,4.64,999,1.7,-2.33,0.99
478,Cody Morris,NYY,0,31,37,2,1,0,0,3,33,17,5,40,18,9.72,4.5,2.16,1.29,0.236,1.4,0.293,75.00%,4.14,4.57,747.8,2.87,-0.55,0.74
479,Joe Jacques,BOS,0,23,24.2,1,1,0,0,1,26,13,3,19,10,7.03,3.51,2,1.02,0.267,1.45,0.308,68.70%,4.66,4.63,999,1.34,-0.25,0.87
480,Juan Then,CHW,0,5,5.2,0,0,0,0,0,7,3,1,4,2,6.81,3.66,1.86,1.31,0.306,1.68,0.346,71.70%,5.16,4.94,999,2.42,-0.04,1.18
481,Austin Davis,SDP,0,6,7.1,0,0,0,0,1,6,5,1,7,4,8.52,5.32,1.6,1.11,0.223,1.43,0.266,61.00%,5.48,4.92,999,2.6,0.4,1.18
482,Yoendrys Gómez,,0,14,15.2,1,0,0,0,1,14,8,2,16,7,9.31,3.81,2.44,1.26,0.24,1.34,0.294,71.40%,4.33,4.65,999,1.2,-1.02,1.1
483,Mauricio Llovera,SEA,0,28,31.2,2,2,0,0,2,30,15,4,30,12,8.62,3.32,2.6,1.26,0.248,1.32,0.296,70.30%,4.4,4.47,999,2.64,-0.45,0.82
484,Kyle Muller,OAK,5,39,61.1,2,4,1,0,3,64,34,8,52,29,7.62,4.19,1.82,1.24,0.265,1.51,0.307,68.80%,5,4.86,749.4,7.77,-0.72,0.51
485,Wander Suero,HOU,0,16,16.1,1,1,0,0,1,16,9,2,15,7,8.38,3.66,2.29,1.34,0.251,1.38,0.295,69.20%,4.7,4.68,999,0.85,1.24,1.01
486,Brandon Hughes,ARI,0,15,15.1,1,1,0,0,1,14,7,2,17,6,9.73,3.61,2.7,1.44,0.237,1.3,0.29,74.00%,4.18,4.55,999,1.29,1.44,1.12
487,Josh James,STL,0,8,8,0,0,0,0,1,8,4,1,8,4,8.53,4.4,1.94,1.26,0.254,1.47,0.302,69.20%,4.88,4.79,999,0.95,-1.08,1.18
488,Joel Kuhnel,HOU,0,12,14,1,1,0,0,1,16,8,2,10,4,6.3,2.6,2.43,1.19,0.28,1.42,0.311,64.90%,5.11,4.62,999,2.51,-0.2,1.05
489,Jeurys Familia,,0,17,17,1,1,0,0,1,17,9,2,15,9,8.07,4.64,1.74,1.18,0.262,1.55,0.31,69.90%,4.92,4.89,999,2.4,-1.18,0.93
490,John Curtiss,,0,18,19.2,1,1,0,0,1,21,11,4,17,8,7.77,3.55,2.19,1.65,0.266,1.45,0.299,69.50%,5.14,5.19,999,2.13,0.86,0.9
491,Jordan Leasure,CHW,0,36,37,2,2,0,2,2,34,18,6,39,17,9.39,4.12,2.28,1.41,0.239,1.37,0.289,72.60%,4.43,4.69,999,0.53,-0.74,0.72
492,Matt Festa,SDP,0,13,13.1,0,0,0,0,1,11,6,2,14,6,9.47,4.14,2.29,1.43,0.229,1.32,0.276,72.90%,4.3,4.74,999,1.13,0.82,1.16
493,Kolton Ingram,,0,17,18.1,1,1,0,0,1,17,9,2,17,9,8.55,4.44,1.93,1.13,0.246,1.44,0.297,71.30%,4.46,4.58,999,1.21,0.02,0.99
494,Logan Sawyer,STL,0,9,9,0,1,0,0,1,9,5,1,7,4,7.21,3.84,1.88,1.29,0.263,1.46,0.298,69.30%,4.88,4.96,999,0.81,-1.09,1.15
495,Shane Greene,TEX,0,13,16.1,0,0,0,2,2,16,9,2,16,8,8.72,4.27,2.04,1.33,0.25,1.44,0.297,70.10%,4.76,4.8,999,1.65,-1.03,1.07
496,Tyler Matzek,ATL,0,38,38.2,2,2,0,0,7,34,18,5,40,22,9.21,5.08,1.81,1.12,0.231,1.44,0.285,73.60%,4.21,4.67,999,1.2,-0.87,0.64
497,Guillermo Zuñiga,LAA,0,25,26,1,1,0,0,1,25,14,4,27,13,9.48,4.44,2.14,1.36,0.245,1.43,0.3,70.00%,4.78,4.71,999,4.07,-1.68,0.81
498,Forrest Whitley,HOU,0,21,24,1,1,0,0,1,22,12,3,24,12,9.03,4.36,2.07,1.22,0.243,1.42,0.296,70.00%,4.61,4.63,999,3.17,-0.82,0.87
499,Jorge Alcala,MIN,0,34,37.2,2,3,0,0,4,34,19,6,38,15,9.01,3.52,2.56,1.35,0.239,1.3,0.287,70.20%,4.43,4.5,750.7,2.13,-0.55,0.75
500,Wil Crowe,,1,18,21.1,1,2,0,0,2,21,12,3,19,11,7.84,4.46,1.76,1.3,0.253,1.48,0.293,69.10%,4.94,5.05,999,1.75,-0.15,0.87
501,Jake Brentz,KCR,0,26,25.1,1,2,0,0,4,23,15,3,28,16,10.13,5.69,1.78,1.12,0.24,1.55,0.309,66.60%,5.26,4.75,999,4.96,-2.25,0.69
502,Taylor Lehman,PHI,0,12,11.2,1,1,0,0,1,12,6,2,10,6,7.64,4.63,1.65,1.31,0.257,1.51,0.294,70.00%,4.94,5.09,999,0.83,-0.56,1.07
503,Andrew Wantz,LAA,0,38,42,2,1,0,0,5,40,21,7,41,18,8.7,3.82,2.28,1.52,0.245,1.36,0.285,72.50%,4.53,4.93,999,3.21,-1.6,0.62
504,Justin Yeager,MIL,0,13,13,1,1,0,0,1,12,7,2,14,8,9.61,5.31,1.81,1.35,0.236,1.49,0.29,72.40%,4.66,4.98,999,0.61,0.88,1.05
505,Zack Kelly,BOS,0,31,32,2,1,0,0,2,31,16,4,30,16,8.48,4.37,1.94,1.06,0.253,1.47,0.306,69.80%,4.63,4.61,999,3,-1.87,0.66
506,Keegan Thompson,CHC,1,28,34.2,2,1,0,0,2,33,17,5,33,17,8.6,4.5,1.91,1.3,0.247,1.45,0.293,72.60%,4.52,4.87,999,2.91,-1.63,0.64
507,Brad Boxberger,,0,44,43,2,2,0,1,6,38,21,6,42,19,8.87,3.99,2.23,1.27,0.232,1.32,0.278,70.10%,4.42,4.6,999,2.53,-0.27,0.66
508,Nabil Crismatt,LAD,0,14,17,1,1,0,0,1,18,9,3,15,6,7.67,2.9,2.65,1.44,0.268,1.38,0.305,71.00%,4.64,4.74,999,1.72,-0.98,1.04
509,Chad Smith,NYM,0,11,13.1,1,1,0,0,1,12,7,2,13,8,8.71,5.14,1.7,1.07,0.241,1.49,0.294,70.30%,4.63,4.82,999,0.64,-1.99,1.05
510,Dylan Coleman,HOU,0,35,34.2,2,2,0,0,5,29,17,4,39,23,10.15,5.86,1.73,1.02,0.222,1.48,0.288,72.00%,4.38,4.73,999,2.46,-0.85,0.62
511,Ryan Tepera,,0,23,23.1,1,2,0,1,3,22,11,3,22,9,8.5,3.43,2.48,1.31,0.245,1.32,0.289,70.60%,4.41,4.68,999,1.89,0.07,0.95
512,Matt Krook,BAL,0,16,17,0,0,0,0,1,15,9,2,17,10,9.13,5.51,1.66,0.98,0.237,1.51,0.296,70.30%,4.61,4.61,999,1.91,-0.46,0.99
513,Gavin Hollowell,COL,0,43,48,2,2,0,1,5,48,28,8,48,20,8.99,3.84,2.34,1.55,0.258,1.44,0.306,66.70%,5.29,5.01,999,3.03,-0.32,0.47
514,Alan Busenitz,CIN,0,9,9.1,0,1,0,0,1,10,5,2,8,4,7.58,3.89,1.95,1.63,0.271,1.51,0.304,69.90%,5.23,5.34,999,2.36,-1.34,1.12
515,Kaleb Ort,BAL,0,20,20.2,1,1,0,0,1,21,11,3,21,9,9.17,3.96,2.31,1.48,0.256,1.44,0.307,69.20%,4.98,4.82,999,2.76,-0.96,0.88
516,Lane Ramsey,,0,25,25.2,2,2,0,0,4,28,14,3,24,15,8.51,5.32,1.6,1.2,0.272,1.68,0.328,73.80%,4.78,4.97,999,6.15,-0.62,0.7
517,Elieser Hernández,,1,19,22.1,1,2,0,0,1,21,12,5,23,7,9.29,2.77,3.36,1.89,0.249,1.27,0.287,71.70%,4.71,5.01,999,2.89,-0.96,0.96
518,Wily Peralta,PIT,0,6,9.2,0,0,0,0,1,10,4,1,7,5,6.95,4.55,1.53,1.21,0.261,1.53,0.295,77.30%,4.08,5.11,999,4.84,-1.11,1.18
519,Robert Gsellman,WSN,0,11,11.2,0,0,0,0,1,13,7,2,9,5,7,3.8,1.84,1.36,0.272,1.51,0.305,65.90%,5.41,5.11,999,0.92,-1.38,1.08
520,Kelvin Caceres,LAA,0,28,26.1,2,1,0,0,2,24,14,3,28,17,9.65,5.72,1.69,1.09,0.236,1.53,0.298,69.90%,4.79,4.76,999,2.06,-0.42,0.69
521,Heath Hembree,,0,6,6.1,0,1,0,0,1,6,4,1,7,3,9.64,4.32,2.23,1.69,0.238,1.39,0.283,65.90%,5.34,5.06,999,1.54,-0.31,1.19
522,Hunter Strickland,LAA,0,15,15,1,1,0,0,1,14,8,2,14,7,8.35,4.46,1.87,1.47,0.25,1.46,0.29,70.40%,4.92,5.27,999,1.58,0.21,1.03
523,Erasmo Ramírez,TBR,0,19,27,1,1,0,0,1,30,14,4,21,7,7.02,2.3,3.05,1.43,0.276,1.36,0.309,70.00%,4.67,4.69,999,3.28,-0.59,0.86
524,Adam Kolarek,LAA,0,17,18.1,1,1,0,0,1,19,9,2,14,9,6.94,4.65,1.49,0.91,0.266,1.57,0.308,70.70%,4.63,4.86,999,1.54,0.15,0.97
525,Corbin Martin,ARI,0,23,25.1,1,1,0,0,1,26,13,4,24,12,8.32,4.13,2.01,1.25,0.258,1.47,0.306,70.10%,4.76,4.69,999,2.87,-3.01,0.79
526,Austin Warren,SFG,0,17,17,1,1,0,0,1,17,9,3,15,7,7.91,3.78,2.09,1.35,0.256,1.42,0.295,71.60%,4.57,4.82,999,1.17,0.96,0.98
527,Cam Sanders,CHC,0,8,9,1,0,0,0,1,8,5,1,10,7,9.93,6.65,1.49,1.19,0.235,1.63,0.297,72.20%,4.86,5.2,999,1.23,0.25,1.07
528,Vinny Nittoli,OAK,0,25,27.2,1,1,0,0,1,27,14,4,26,10,8.29,3.36,2.47,1.32,0.251,1.34,0.294,71.50%,4.38,4.8,999,1.99,-0.82,0.92
529,Brendon Little,TOR,0,11,12.1,1,1,0,0,0,12,6,2,11,6,7.73,4.15,1.86,1.2,0.253,1.44,0.294,72.10%,4.45,5.1,999,1.84,-0.72,1.11
530,Carlos Vargas,SEA,0,27,27.2,1,1,0,0,1,27,13,3,27,14,8.74,4.43,1.97,1.01,0.25,1.46,0.307,73.30%,4.18,4.52,999,3,-0.72,0.9
531,Kirby Snead,,0,19,18.1,1,2,0,0,3,20,9,2,15,9,7.6,4.41,1.73,1.02,0.277,1.6,0.327,71.70%,4.7,4.64,999,4.5,-0.59,0.9
532,Victor Mederos,LAA,0,10,13,0,1,0,0,0,13,7,2,12,6,8.21,4.05,2.03,1.33,0.258,1.46,0.302,69.90%,4.84,5.04,999,1.47,-0.26,1.07
533,Chase Anderson,PIT,2,16,23.2,1,2,1,0,1,25,14,4,19,10,7.34,3.63,2.02,1.59,0.263,1.44,0.291,67.40%,5.26,5.32,999,3.12,-0.54,0.85
534,Adam Cimber,LAA,0,44,43.2,2,3,0,1,7,45,22,6,32,12,6.58,2.43,2.7,1.33,0.264,1.31,0.292,68.30%,4.61,4.82,999,2.4,-0.05,0.67
535,Albert Abreu,,0,9,12.1,0,0,0,0,1,11,6,2,12,7,8.91,5.02,1.77,1.34,0.235,1.45,0.279,71.60%,4.63,5.11,999,1.96,-0.2,1.1
536,Zack Weiss,MIN,0,20,21.1,1,1,0,0,1,21,11,3,23,11,9.71,4.68,2.07,1.42,0.25,1.49,0.308,72.50%,4.71,4.86,999,2.03,-0.92,0.86
537,Daniel Duarte,,0,22,22.1,2,0,0,1,2,19,11,3,19,12,7.47,4.72,1.58,1.16,0.223,1.35,0.253,70.50%,4.37,4.98,999,1.32,0.78,0.93
538,Jake Woodford,CHW,1,19,25.1,1,2,0,0,1,27,13,4,19,10,6.63,3.39,1.96,1.32,0.265,1.42,0.294,70.00%,4.73,4.99,999,2.58,-0.67,0.87
539,José Marte,LAA,0,13,12.2,1,0,0,0,2,12,7,2,13,9,9.49,6.09,1.56,1.25,0.247,1.63,0.305,69.60%,5.22,5.1,999,1.41,-1.07,0.97
540,Joe Barlow,,0,13,12,1,1,0,0,1,12,6,2,10,5,7.81,3.67,2.13,1.54,0.25,1.37,0.281,73.90%,4.44,5.08,746.3,1.38,0.99,1.13
541,Nick Wittgren,,0,22,23,1,1,0,0,1,24,13,3,17,8,6.75,2.99,2.26,1.29,0.266,1.38,0.296,66.70%,4.92,4.86,999,2.07,-0.37,0.93
542,Trevor Kelley,SEA,1,12,13.1,0,1,0,0,1,13,8,3,11,5,7.27,3.31,2.19,1.74,0.257,1.37,0.279,68.60%,5.1,5.54,999,1.71,-0.1,1.1
543,Jimmy Nelson,,0,19,19.1,1,1,0,0,0,18,11,3,21,12,9.96,5.44,1.83,1.32,0.241,1.53,0.302,67.10%,5.3,5.01,999,2.67,-0.09,0.82
544,Riley Pint,COL,0,20,16,1,1,0,0,2,16,10,2,16,14,9.15,7.66,1.19,0.95,0.25,1.82,0.314,69.50%,5.45,5.35,999,2.88,-0.08,0.82
545,Ronel Blanco,HOU,2,40,49.2,3,2,1,0,5,46,25,8,51,23,9.3,4.23,2.2,1.43,0.241,1.39,0.29,73.20%,4.43,4.82,734.8,3.11,-0.85,0.41
546,Tony Santillan,CIN,0,24,25.1,1,1,0,0,2,25,14,4,26,16,9.22,5.71,1.62,1.29,0.255,1.63,0.311,70.70%,5.12,5.17,999,2.9,-1.27,0.7
547,Brent Honeywell,PIT,0,25,29.2,1,2,0,0,2,31,16,5,26,12,7.71,3.5,2.2,1.44,0.263,1.42,0.3,68.90%,4.94,4.96,999,2.46,0.17,0.75
548,Jaime Barria,CLE,1,18,30.1,1,2,0,0,1,32,16,5,22,9,6.62,2.81,2.36,1.55,0.264,1.35,0.286,69.80%,4.78,5.07,999,2.88,-0.58,0.83
549,Daniel Bard,COL,0,48,50,3,3,0,2,7,46,27,6,50,35,8.93,6.31,1.42,1.08,0.241,1.62,0.295,71.40%,4.84,5.2,731.9,2.43,0.32,0.69
550,Joey Krehbiel,SEA,0,8,8,0,0,0,0,1,8,4,1,7,4,7.33,4.53,1.62,1.48,0.252,1.48,0.281,71.60%,4.85,5.37,999,3.82,-2.48,1.17
551,Matt Carasiti,COL,0,20,22.2,1,1,0,0,4,27,14,3,17,11,6.73,4.29,1.57,1.31,0.289,1.66,0.325,68.90%,5.43,5.24,999,2.14,0.08,0.72
552,McKinley Moore,NYY,0,16,17,1,1,0,0,1,15,9,3,18,10,9.72,5.33,1.82,1.39,0.237,1.49,0.291,72.40%,4.71,5.33,999,1.75,-0.48,0.96
553,José Ureña,TEX,2,19,27.1,1,2,1,0,1,31,16,5,20,11,6.66,3.65,1.83,1.52,0.278,1.52,0.305,70.40%,5.09,5.28,750.7,5.81,-0.98,0.76
554,Sean Reynolds,,0,19,19.2,1,1,0,0,1,18,11,3,19,11,8.55,5.2,1.65,1.25,0.243,1.51,0.289,68.20%,5.07,5.06,999,1.45,1.11,0.85
555,Andrés Machado,,0,27,31,1,1,0,0,3,31,16,5,27,11,7.81,3.3,2.37,1.5,0.255,1.36,0.289,71.80%,4.56,4.93,999,1.25,1.24,0.81
556,Mychal Givens,,0,36,33.1,2,3,0,1,6,31,17,5,33,16,9.01,4.34,2.08,1.27,0.243,1.41,0.294,71.30%,4.53,4.82,999,2.41,-0.09,0.68
557,Cole Winn,TEX,1,16,22.1,2,2,0,0,1,23,13,3,20,14,7.98,5.67,1.41,1.31,0.265,1.68,0.309,69.70%,5.38,5.43,999,2.3,-0.54,0.67
558,Garrett Hill,DET,0,17,20.1,1,1,0,0,2,20,11,3,19,11,8.26,4.76,1.73,1.22,0.256,1.53,0.303,70.60%,4.83,4.98,999,3.84,-1.09,0.9
559,Jeremiah Estrada,SDP,0,24,24.1,1,1,0,0,1,21,12,4,28,14,10.45,5.37,1.95,1.54,0.231,1.47,0.288,75.30%,4.5,5.06,746.3,1.97,-0.94,0.88
560,Levi Stoudt,SEA,1,11,16.2,1,1,0,0,1,18,10,3,13,8,7.05,4.33,1.63,1.59,0.274,1.58,0.303,69.40%,5.41,5.55,999,1.98,0.16,0.91
561,Jeff Brigham,,0,26,28,1,2,0,0,4,24,15,5,30,13,9.76,4.13,2.36,1.55,0.226,1.3,0.27,68.50%,4.77,4.91,999,1.59,1.6,0.84
562,Sam Coonrod,,0,31,28.2,1,1,0,0,3,28,16,3,27,15,8.33,4.82,1.73,1.05,0.251,1.51,0.302,66.10%,5.13,4.91,999,2.13,0.45,0.7
563,Trent Thornton,SEA,0,46,54,3,3,0,0,8,53,25,8,47,21,7.76,3.43,2.26,1.38,0.254,1.37,0.291,75.70%,4.1,4.77,999,1.44,-0.18,0.52
564,Dominic Leone,,0,32,32.2,1,2,0,0,3,31,16,5,33,15,9.09,4.12,2.21,1.5,0.247,1.41,0.293,73.20%,4.53,4.88,999,1.24,-0.08,0.73
565,Stephen Nogosek,WSN,0,10,19,0,1,0,0,0,19,10,4,18,8,8.56,3.95,2.17,1.79,0.256,1.43,0.29,75.60%,4.64,5.43,999,1.47,0.2,1.03
566,Ricky Karcher,ARI,0,14,15.2,1,1,0,0,0,12,9,2,16,15,9.43,8.56,1.1,0.9,0.21,1.72,0.266,68.80%,5.24,5.46,999,1.31,0.3,0.83
567,Adrián Martínez,,1,33,43.2,1,4,0,0,2,47,23,6,36,16,7.39,3.32,2.22,1.32,0.27,1.44,0.308,70.10%,4.75,4.8,999,7.28,-1.57,0.56
568,Drew VerHagen,,0,35,37.2,3,1,0,0,6,36,19,6,35,16,8.43,3.86,2.19,1.39,0.247,1.38,0.288,70.30%,4.64,4.92,999,0.86,1,0.57
569,Amos Willingham,WSN,0,24,27,1,1,0,0,1,29,16,5,21,9,6.92,3.04,2.27,1.66,0.269,1.41,0.293,67.90%,5.19,5.27,999,2.48,-0.23,0.77
570,Declan Cronin,MIA,0,21,22.1,1,1,0,0,2,25,13,3,16,9,6.58,3.63,1.81,1.21,0.274,1.5,0.307,66.90%,5.16,5.08,999,1.64,0.96,0.85
571,Jonathan Heasley,BAL,1,19,26.2,1,2,0,0,1,28,15,5,20,10,6.91,3.37,2.05,1.63,0.264,1.42,0.288,68.60%,5.13,5.36,999,3.26,-0.27,0.81
572,Mason Englert,DET,0,21,27.2,2,2,0,0,1,30,15,5,23,9,7.35,2.79,2.64,1.56,0.275,1.41,0.307,69.00%,5,4.94,999,2.26,-0.51,0.76
573,Justin Garza,,0,11,14,1,0,0,0,1,15,8,2,12,7,7.52,4.6,1.63,1.55,0.265,1.56,0.298,69.00%,5.38,5.52,999,1.07,0.13,0.97
574,Hobie Harris,MIN,0,12,14.1,1,1,0,0,0,18,9,2,11,8,6.63,5.26,1.26,1.35,0.295,1.8,0.329,71.70%,5.46,5.65,999,2.81,-0.52,0.9
575,Luis Patiño,SDP,3,29,44.2,2,3,1,0,2,45,25,7,36,24,7.24,4.74,1.53,1.49,0.256,1.53,0.285,71.10%,5.02,5.49,747.4,6.03,-1.1,0.46
576,Adam Oller,CLE,1,15,23.1,1,2,0,0,1,25,14,4,19,11,7.25,4.15,1.75,1.61,0.267,1.52,0.295,66.60%,5.58,5.5,999,5.13,-0.97,0.75
577,Tim Hill,CHW,0,53,49.2,2,3,0,1,11,54,27,6,32,16,5.75,2.98,1.93,1.12,0.272,1.41,0.297,67.00%,4.83,4.83,750.5,3.61,-1.53,0.56
578,Tyler Beede,,0,15,17.1,1,1,0,0,1,19,10,2,13,9,6.86,4.63,1.48,1.23,0.27,1.59,0.304,68.20%,5.27,5.41,999,1.54,-0.25,0.9
579,Chad Kuhl,CHW,2,25,31,1,2,0,0,1,31,19,6,28,15,8.18,4.34,1.88,1.62,0.258,1.49,0.294,68.20%,5.35,5.4,999,6.31,-1.08,0.62
580,Matt Koch,COL,0,25,25.1,2,1,0,0,4,29,16,5,19,9,6.78,3.01,2.25,1.86,0.281,1.47,0.301,65.90%,5.72,5.58,999,2.57,-1.99,0.71
581,Matt Bowman,,0,21,22,1,1,0,0,3,23,12,4,18,10,7.42,3.9,1.9,1.49,0.266,1.48,0.299,70.40%,4.98,5.17,999,1.84,1.49,0.85
582,Jackson Kowar,SEA,0,35,42,2,2,0,0,3,44,24,6,42,22,8.94,4.77,1.87,1.23,0.265,1.58,0.323,68.70%,5.16,4.78,750.6,5.54,-0.79,0.44
583,Jimmy Lambert,CHW,1,46,50.2,2,3,0,3,8,50,28,9,51,26,9.09,4.55,2,1.61,0.254,1.49,0.3,72.40%,4.9,5.2,999,2.21,-1.07,0.53
584,Casey Lawrence,,0,12,18.2,1,1,0,0,3,22,12,4,14,6,6.69,2.75,2.43,1.95,0.291,1.5,0.311,66.20%,5.84,5.66,999,2.77,0.55,0.87
585,Collin Snider,SEA,0,23,23.2,1,1,0,0,3,25,13,3,16,13,6.19,4.78,1.29,1.07,0.266,1.58,0.296,68.40%,5.09,5.16,999,2.59,0.3,0.78
586,Bryan Shaw,CHW,0,50,52.1,3,2,0,1,6,50,28,7,46,28,7.9,4.86,1.63,1.16,0.248,1.5,0.291,69.90%,4.78,5.01,716.3,4.5,-0.87,0.46
587,Thaddeus Ward,WSN,0,35,39.1,1,1,0,0,2,38,23,6,35,23,7.96,5.23,1.52,1.41,0.249,1.54,0.285,68.70%,5.23,5.44,999,6.14,-1.12,0.53
588,Deivi García,CHW,1,47,58.2,2,4,0,1,7,58,34,11,55,35,8.47,5.33,1.59,1.64,0.254,1.58,0.292,71.10%,5.28,5.72,747.7,3.91,-0.51,0.72