#,Name,Team,G,AB,PA,H,1B,2B,3B,HR,R,RBI,BB,IBB,SO,HBP,SF,SH,SB,CS,AVG
1,Ronald Acuña Jr.,ATL,152,584,680,183,110,34,2,37,124,96,80,4,107,11,4,1,54,12,0.313
2,Aaron Judge,NYY,140,506,612,140,73,22,0,45,102,108,98,10,165,4,4,0,7,2,0.276
3,Mookie Betts,LAD,149,566,661,160,90,35,2,33,111,94,80,2,104,8,5,1,13,3,0.283
4,Juan Soto,NYY,153,529,665,148,83,27,2,37,105,100,127,9,110,4,4,1,11,4,0.28
5,Yordan Alvarez,HOU,139,505,598,150,79,31,2,39,95,107,78,6,117,10,5,0,1,0,0.296
6,Julio Rodríguez,SEA,151,598,662,168,100,33,3,32,99,92,50,5,156,10,3,1,32,8,0.28
7,José Ramírez,CLE,151,576,656,160,93,37,4,26,90,94,69,10,76,5,6,0,25,7,0.278
8,Corey Seager,TEX,129,501,566,148,85,32,1,30,84,88,54,6,91,5,5,1,2,1,0.295
9,Adley Rutschman,BAL,143,516,602,140,89,31,1,19,78,70,76,3,95,5,4,1,2,1,0.271
10,Freddie Freeman,LAD,153,587,677,180,113,39,2,26,109,96,75,9,108,9,4,1,15,3,0.307
11,Gunnar Henderson,BAL,143,540,611,141,81,28,6,26,89,79,62,1,153,5,3,1,12,3,0.261
12,Fernando Tatis Jr.,SDP,148,576,648,157,89,33,2,34,98,95,61,2,146,5,4,1,28,6,0.273
13,Corbin Carroll,ARI,148,555,633,154,92,30,8,23,101,77,60,2,131,11,3,3,46,6,0.278
14,Bobby Witt Jr.,KCR,152,604,657,169,100,33,7,29,98,90,40,2,121,6,6,1,42,10,0.28
15,Kyle Tucker,HOU,151,564,643,158,90,34,4,31,94,103,70,5,95,3,6,1,25,6,0.281
16,Austin Riley,ATL,153,592,665,165,94,32,2,38,100,103,57,3,159,10,6,0,2,1,0.279
17,Shohei Ohtani,LAD,139,513,605,144,74,27,5,38,100,99,84,10,147,4,3,1,18,7,0.28
18,Rafael Devers,BOS,149,573,645,161,91,35,1,35,93,99,60,7,123,8,4,1,4,2,0.282
19,Alex Bregman,HOU,149,555,652,146,91,31,2,23,92,86,83,1,79,8,5,1,2,1,0.264
20,Matt Olson,ATL,153,565,663,151,81,29,1,40,102,112,87,6,148,6,5,1,1,1,0.267
21,Francisco Lindor,NYM,153,576,653,146,89,28,2,27,92,88,61,2,125,9,6,1,22,5,0.254
22,Mike Trout,LAA,125,460,540,122,64,24,2,32,83,83,69,5,150,9,3,0,3,1,0.266
23,Marcus Semien,TEX,153,609,680,161,97,34,3,27,100,86,61,0,110,4,5,1,15,4,0.264
24,Will Smith,LAD,125,442,516,116,70,23,2,21,70,75,55,2,87,12,7,0,2,1,0.262
25,Trea Turner,PHI,153,612,667,172,111,34,4,23,98,83,45,1,133,5,4,1,28,4,0.28
26,Bryce Harper,PHI,147,532,632,151,87,34,1,29,95,93,89,8,135,5,6,1,13,4,0.285
27,Michael Harris II,ATL,147,558,602,161,101,35,3,22,89,80,34,2,121,6,3,1,24,5,0.288
28,Bo Bichette,TOR,146,595,638,173,114,35,2,22,86,83,36,0,126,3,3,1,11,4,0.291
29,Royce Lewis,MIN,131,505,559,137,81,27,2,26,78,81,46,1,125,5,2,1,13,4,0.271
30,Jose Altuve,HOU,139,544,615,150,96,29,1,24,96,72,61,1,99,7,3,1,14,4,0.276
31,Dansby Swanson,CHC,151,577,644,148,94,28,2,24,84,83,57,0,158,5,4,1,11,3,0.256
32,William Contreras,MIL,141,517,584,141,90,28,1,22,77,74,58,1,131,5,3,1,4,1,0.272
33,Luis Robert Jr.,CHW,143,556,602,149,87,31,2,30,85,84,33,3,155,9,3,0,19,5,0.269
34,Vladimir Guerrero Jr.,TOR,153,584,663,165,100,32,1,32,89,98,67,5,99,7,4,0,6,2,0.282
35,Ozzie Albies,ATL,148,584,642,159,96,33,4,27,94,93,45,1,108,6,7,1,13,4,0.273
36,Sean Murphy,ATL,118,409,473,103,59,23,1,20,64,66,48,1,106,12,3,0,0,0,0.253
37,Andrés Giménez,CLE,143,533,592,141,93,28,4,16,76,66,33,3,113,18,4,4,26,6,0.264
38,J.T. Realmuto,PHI,133,474,525,122,74,24,3,20,69,69,38,2,127,9,4,0,15,4,0.257
39,Xander Bogaerts,SDP,148,564,634,157,107,31,1,18,82,72,57,1,112,7,6,1,12,2,0.279
40,Brandon Nimmo,NYM,145,548,637,147,95,28,5,19,87,65,72,0,128,11,3,3,4,2,0.268
41,Ketel Marte,ARI,143,545,617,149,92,33,5,19,84,76,62,2,104,6,4,1,7,2,0.273
42,Nico Hoerner,CHC,146,578,640,163,122,28,4,9,83,62,46,2,78,11,4,1,34,7,0.281
43,Gleyber Torres,NYY,146,555,622,149,97,27,1,24,82,77,57,1,107,3,5,1,13,5,0.269
44,Willy Adames,MIL,145,548,618,132,76,29,1,27,78,85,62,2,161,3,4,0,6,2,0.241
45,Manny Machado,SDP,140,537,600,144,89,26,1,28,79,91,55,4,111,2,5,0,6,2,0.269
46,Carlos Correa,MIN,135,508,575,132,83,28,1,20,70,71,59,2,121,4,4,0,0,0,0.26
47,J.P. Crawford,SEA,145,538,625,137,94,29,1,13,80,58,75,1,109,7,4,3,3,1,0.255
48,Willson Contreras,STL,119,414,480,105,63,21,1,20,62,64,47,1,109,14,3,1,5,2,0.254
49,Nolan Arenado,STL,145,560,617,146,90,29,2,26,74,91,47,4,92,5,5,0,4,1,0.262
50,Yandy Díaz,TBR,137,513,594,151,105,29,1,17,82,68,71,1,86,6,3,1,1,1,0.294
51,Gabriel Moreno,ARI,124,422,468,121,87,23,1,10,52,56,36,0,85,5,4,1,6,2,0.286
52,Matt McLain,CIN,132,512,581,132,79,28,4,22,80,73,56,1,158,9,2,1,20,5,0.258
53,Pete Alonso,NYM,152,563,648,140,74,24,1,41,89,110,65,7,139,15,5,0,4,1,0.25
54,Jung Hoo Lee,SFG,134,521,581,149,100,35,4,10,70,59,49,3,53,5,3,3,9,3,0.286
55,Matt Chapman,SFG,125,479,551,112,61,26,2,24,69,70,61,0,156,7,4,0,3,1,0.234
56,Edouard Julien,MIN,131,455,544,112,71,23,1,16,73,54,78,1,162,5,3,2,8,2,0.246
57,Bryan Reynolds,PIT,148,567,642,152,95,30,4,24,86,81,61,3,137,9,4,1,10,2,0.269
58,Ha-Seong Kim,SDP,145,527,601,130,88,26,2,15,74,60,60,1,115,6,4,4,27,6,0.246
59,Cal Raleigh,SEA,128,454,506,103,52,23,1,26,61,70,44,1,138,3,4,0,1,0,0.226
60,Randy Arozarena,TBR,148,552,637,143,87,29,3,25,88,80,66,1,153,14,4,0,25,8,0.259
61,Yainer Diaz,HOU,117,424,452,116,71,22,1,21,57,68,20,1,87,4,4,1,1,0,0.273
62,Josh Jung,TEX,138,539,586,139,84,28,2,26,75,82,38,1,166,6,3,0,3,1,0.259
63,Paul Goldschmidt,STL,147,559,645,149,95,29,1,24,88,84,77,3,145,4,4,1,7,2,0.266
64,Riley Greene,DET,137,529,588,146,97,27,5,17,77,65,51,1,155,4,3,1,10,2,0.276
65,Jonah Heim,TEX,123,435,479,108,67,22,1,17,54,65,39,1,92,2,3,1,2,1,0.248
66,Ian Happ,CHC,149,548,635,137,84,30,3,20,79,76,76,2,148,6,4,1,11,3,0.251
67,Ke'Bryan Hayes,PIT,137,535,584,142,91,30,5,16,71,66,42,1,118,3,3,1,14,5,0.265
68,Anthony Volpe,NYY,142,514,577,120,71,27,3,19,71,65,51,0,145,7,4,2,24,5,0.233
69,Luis Arraez,MIA,143,560,615,178,136,30,3,8,75,62,45,5,40,4,4,1,4,2,0.317
70,Logan O'Hoppe,LAA,112,397,446,100,61,17,1,21,54,62,40,1,95,6,3,1,2,1,0.253
71,Max Muncy,LAD,129,457,547,102,53,19,1,28,78,82,79,2,138,7,4,0,2,1,0.223
72,Bo Naylor,CLE,116,381,440,88,51,19,2,16,52,54,53,1,111,4,2,1,7,2,0.23
73,Zach Neto,LAA,132,472,534,117,73,25,1,18,65,63,40,1,122,16,4,2,9,2,0.248
74,Isaac Paredes,TBR,132,468,541,113,66,23,1,24,66,75,57,0,95,11,4,1,1,0,0.242
75,Christian Yelich,MIL,145,542,632,142,94,28,2,18,92,68,81,5,144,5,3,1,22,5,0.262
76,Oneil Cruz,PIT,132,506,566,125,73,24,5,23,80,72,52,1,155,3,4,1,22,5,0.247
77,George Springer,TOR,133,519,584,134,86,24,2,22,81,69,54,1,109,6,4,1,13,4,0.258
78,Zack Gelof,OAK,136,528,589,129,79,28,2,19,72,62,52,1,170,4,3,2,21,5,0.244
79,Evan Carter,TEX,136,482,560,123,78,25,4,16,72,65,67,3,141,6,4,1,18,5,0.254
80,Nolan Jones,COL,139,503,578,135,80,28,3,24,81,78,68,3,166,5,2,1,19,4,0.27
81,Adolis García,TEX,147,570,632,139,77,28,2,32,90,95,50,1,179,7,5,0,13,4,0.243
82,Jorge Polanco,SEA,125,473,535,116,71,23,1,21,65,68,54,1,125,4,4,0,6,2,0.245
83,Seiya Suzuki,CHC,135,511,582,139,86,28,3,22,76,75,61,3,130,4,5,1,8,4,0.271
84,Jeremy Peña,HOU,144,548,597,143,99,27,2,15,74,63,36,0,128,8,4,2,13,4,0.261
85,Jake Burger,MIA,141,526,578,132,74,26,2,30,71,81,38,1,157,10,4,1,1,1,0.251
86,Alejandro Kirk,TOR,96,319,363,85,59,16,0,10,39,42,37,1,41,4,2,0,0,0,0.267
87,Cedric Mullins,BAL,138,510,567,126,79,26,3,18,72,66,46,1,115,5,4,2,26,6,0.248
88,Bryson Stott,PHI,141,535,588,142,98,29,3,13,72,62,42,1,102,4,5,1,22,4,0.266
89,Jazz Chisholm Jr.,MIA,130,491,544,121,72,21,4,25,78,73,43,0,155,5,4,1,28,7,0.247
90,Kyle Schwarber,PHI,148,540,648,120,58,20,1,41,96,97,98,3,189,6,3,1,3,1,0.222
91,Steven Kwan,CLE,140,545,615,151,112,28,6,5,79,51,58,2,62,5,4,3,17,4,0.277
92,CJ Abrams,WSN,147,563,613,142,94,29,4,16,83,62,31,1,113,12,4,3,41,7,0.253
93,Nolan Gorman,STL,129,468,526,112,63,21,1,28,70,75,51,1,161,4,2,0,7,2,0.24
94,Chas McCormick,HOU,130,456,517,115,75,18,2,20,67,67,48,0,135,7,5,1,16,4,0.253
95,Triston Casas,BOS,142,495,580,127,72,25,2,27,77,79,78,3,138,3,3,0,1,0,0.256
96,Taylor Ward,LAA,127,472,540,126,79,25,1,20,74,68,55,0,112,8,5,1,5,2,0.266
97,Jackson Holliday,BAL,118,427,489,111,76,22,3,9,62,48,55,2,108,3,2,2,10,3,0.259
98,James Outman,LAD,130,455,523,106,64,20,3,19,72,64,55,1,166,10,3,0,12,3,0.233
99,Brandon Lowe,TBR,114,417,478,99,55,20,1,22,63,65,50,1,125,7,3,0,6,1,0.237
100,Ryan Jeffers,MIN,103,339,385,81,48,15,1,17,46,48,36,1,107,6,2,2,2,1,0.24
101,Byron Buxton,MIN,106,397,444,92,44,22,2,25,65,63,38,1,133,6,3,0,10,2,0.233
102,Danny Jansen,TOR,95,318,359,75,40,16,0,19,46,54,31,1,73,7,3,1,1,0,0.236
103,Cody Bellinger,CHC,136,540,599,140,86,28,2,23,83,83,48,3,119,4,7,0,17,4,0.259
104,Christian Walker,ARI,149,556,630,141,82,29,2,28,81,91,61,2,127,7,5,0,7,2,0.253
105,Lars Nootbaar,STL,122,436,512,110,70,21,2,17,71,58,68,2,103,2,5,1,9,2,0.253
106,Vinnie Pasquantino,KCR,132,492,561,135,82,31,2,20,68,74,59,3,71,6,4,0,1,1,0.274
107,Daulton Varsho,TOR,139,498,552,116,67,24,3,23,69,68,44,1,128,5,3,2,15,4,0.233
108,Davis Schneider,TOR,99,348,404,81,44,19,1,17,50,50,48,0,113,5,3,1,5,1,0.233
109,Tommy Edman,STL,133,495,542,129,87,27,4,12,72,54,36,1,88,6,3,2,27,5,0.261
110,Francisco Alvarez,NYM,124,417,471,95,54,17,0,24,57,66,45,1,123,6,2,0,2,1,0.228
111,Nathaniel Lowe,TEX,151,567,645,153,102,29,2,20,79,77,70,2,147,4,3,1,2,1,0.27
112,Jack Suwinski,PIT,128,443,519,101,54,20,2,24,65,68,65,2,160,5,4,1,10,3,0.227
113,Shea Langeliers,OAK,120,419,461,93,51,19,2,21,49,57,34,1,132,4,3,1,3,1,0.221
114,Anthony Santander,BAL,140,551,612,137,78,29,1,28,76,87,48,1,132,8,4,1,3,1,0.248
115,Elly De La Cruz,CIN,133,513,563,128,76,25,6,20,79,68,44,2,179,3,2,1,36,8,0.249
116,Gavin Lux,LAD,112,396,445,104,70,20,4,10,58,48,43,1,92,2,3,1,8,2,0.262
117,Max Kepler,MIN,126,455,516,112,66,24,2,20,67,65,51,1,102,5,4,0,3,1,0.246
118,Vaughn Grissom,BOS,132,477,532,133,94,27,3,10,65,59,41,1,90,9,4,1,12,3,0.28
119,Thairo Estrada,SFG,133,521,568,136,94,25,3,15,70,59,32,0,112,11,3,1,23,6,0.261
120,Jordan Westburg,BAL,110,389,431,98,62,22,2,12,51,50,34,0,106,5,3,1,7,2,0.253
121,Maikel Garcia,KCR,131,490,542,131,96,26,3,7,66,51,43,0,111,2,5,2,23,6,0.268
122,TJ Friedl,CIN,130,480,545,122,80,22,6,15,72,59,47,0,92,10,5,4,22,5,0.255
123,Brandon Marsh,PHI,125,427,486,109,70,22,4,13,58,54,50,1,149,4,3,2,12,3,0.255
124,Trevor Story,BOS,122,460,509,110,64,25,2,18,65,64,40,2,146,6,3,0,20,5,0.238
125,Luis Rengifo,LAA,132,482,531,124,82,21,3,17,64,60,37,1,95,6,4,2,8,3,0.256
126,Eugenio Suárez,ARI,141,516,594,120,72,23,1,23,68,79,62,0,176,10,6,0,1,0,0.232
127,Jeff McNeil,NYM,134,506,559,141,102,28,2,9,64,55,36,1,61,12,3,1,6,1,0.28
128,Tyler Stephenson,CIN,112,377,423,97,66,19,1,12,50,51,38,1,103,5,3,0,1,0,0.257
129,Yoán Moncada,CHW,131,490,544,121,77,26,1,17,61,62,46,1,150,5,3,1,2,1,0.248
130,Spencer Torkelson,DET,148,551,628,134,74,29,1,29,80,84,64,1,151,7,5,0,3,1,0.243
131,Teoscar Hernández,LAD,132,513,557,134,80,26,1,26,71,83,35,1,161,6,3,0,7,2,0.261
132,Josh Lowe,TBR,134,496,545,127,77,30,3,17,69,69,43,2,148,3,3,1,26,4,0.257
133,Tyler O'Neill,BOS,125,451,507,113,67,22,1,22,67,66,47,0,137,6,4,0,13,3,0.251
134,Keibert Ruiz,WSN,124,459,500,121,81,24,0,15,53,60,32,1,54,6,3,1,2,1,0.263
135,Josh Naylor,CLE,133,509,560,142,90,30,0,21,65,86,41,6,81,5,5,0,8,3,0.279
136,Anthony Rendon,LAA,103,370,434,94,62,20,1,11,51,52,51,1,72,7,5,0,3,1,0.255
137,Salvador Perez,KCR,131,504,540,129,81,22,1,25,61,81,22,3,127,10,5,0,0,0,0.256
138,Patrick Bailey,SFG,105,367,406,84,56,18,1,9,40,45,32,1,107,3,3,2,2,1,0.23
139,Alec Bohm,PHI,141,544,595,149,103,28,1,16,72,77,40,1,102,5,6,1,4,1,0.273
140,Rhys Hoskins,MIL,133,492,570,117,63,26,1,26,74,78,67,0,142,6,4,1,2,1,0.239
141,Alek Thomas,ARI,125,442,482,114,76,23,5,10,59,52,30,1,95,5,4,2,10,3,0.259
142,Ryan McMahon,COL,143,527,597,129,79,27,2,22,75,73,62,1,172,4,4,0,6,3,0.245
143,Leody Taveras,TEX,123,443,484,113,75,23,3,12,59,53,34,1,110,2,3,2,14,4,0.255
144,Colt Keith,DET,119,441,489,113,72,24,3,14,56,59,40,1,111,3,3,1,3,1,0.257
145,Christopher Morel,CHC,129,479,533,116,65,22,4,26,72,73,45,0,163,4,3,2,10,3,0.242
146,Jorge Soler,SFG,130,485,557,117,65,22,0,29,71,77,62,2,140,6,4,1,1,0,0.242
147,Sal Frelick,MIL,133,492,550,131,94,25,4,8,68,55,49,1,80,5,4,1,17,4,0.267
148,Spencer Steer,CIN,136,508,575,130,79,29,2,20,71,74,54,0,124,9,3,0,9,2,0.256
149,DJ LeMahieu,NYY,119,448,509,114,83,19,2,11,61,47,53,1,94,3,3,1,3,1,0.253
150,Masataka Yoshida,BOS,135,516,573,150,102,30,2,16,71,73,46,2,75,7,4,1,6,1,0.29
151,Orlando Arcia,ATL,128,460,507,115,78,21,0,17,61,61,39,0,98,3,4,1,2,1,0.251
152,Geraldo Perdomo,ARI,119,386,453,93,68,17,3,6,56,38,51,2,85,6,3,7,13,3,0.24
153,Noelvi Marte,CIN,120,439,486,117,78,24,2,13,60,55,39,1,101,4,3,1,16,4,0.266
154,Jake Rogers,DET,97,325,361,70,39,13,2,16,43,46,29,0,116,3,2,3,2,1,0.217
155,Brendan Donovan,STL,113,406,467,112,80,20,1,10,61,47,46,2,71,11,2,2,6,2,0.275
156,Austin Hays,BAL,134,508,554,130,83,28,2,17,67,66,36,0,124,6,4,1,4,2,0.256
157,Jonathan India,CIN,123,457,527,116,74,24,1,17,71,61,51,1,112,15,4,1,11,3,0.254
158,Trent Grisham,NYY,94,314,365,70,40,15,1,13,47,41,42,1,99,4,2,3,9,2,0.222
159,Mitch Garver,SEA,103,363,419,86,51,15,0,20,51,56,48,1,107,5,3,0,1,0,0.236
160,Jake Cronenworth,SDP,141,517,588,127,80,28,5,15,70,66,53,2,105,12,5,1,5,1,0.246
161,Masyn Winn,STL,121,440,486,107,74,20,3,10,58,48,35,0,96,3,5,4,13,3,0.244
162,Matt Wallner,MIN,117,394,458,91,51,21,2,18,57,58,50,2,151,12,2,0,3,1,0.232
163,Brendan Rodgers,COL,122,467,510,129,85,27,2,14,62,60,34,0,99,6,3,0,0,0,0.276
164,Marcell Ozuna,ATL,130,489,544,125,72,22,1,30,72,83,48,1,125,3,3,1,1,1,0.255
165,Alex Verdugo,NYY,125,482,531,128,86,27,2,13,66,57,40,1,82,4,4,0,4,2,0.267
166,Austin Wells,NYY,89,312,350,72,43,16,1,13,40,45,30,1,85,4,3,1,4,1,0.232
167,Harrison Bader,NYM,107,379,414,93,62,17,2,11,51,45,25,1,80,6,3,1,21,4,0.244
168,Lourdes Gurriel Jr.,ARI,130,498,540,138,89,30,2,16,64,70,33,1,95,5,4,1,4,2,0.277
169,Ryan Mountcastle,BAL,125,472,521,124,79,22,1,22,64,71,40,2,125,4,6,0,3,1,0.263
170,Ezequiel Tovar,COL,145,571,611,150,98,33,4,16,78,70,30,0,149,5,3,2,13,4,0.263
171,Pete Crow-Armstrong,CHC,109,324,362,81,52,15,3,9,49,40,26,1,103,5,2,6,18,4,0.248
172,Jarren Duran,BOS,129,475,522,124,77,30,5,13,71,54,37,1,132,6,3,1,28,5,0.262
173,Nolan Schanuel,LAA,115,408,479,109,79,19,2,9,63,44,61,1,77,7,2,1,3,1,0.266
174,Henry Davis,PIT,109,388,447,94,60,19,2,14,52,50,45,3,107,10,3,1,8,4,0.243
175,Jose Siri,TBR,118,423,457,94,53,18,3,20,61,57,26,0,157,4,3,1,16,4,0.222
176,Esteury Ruiz,OAK,125,451,500,112,78,24,2,8,59,41,30,0,104,12,2,5,55,9,0.248
177,Yan Gomes,CHC,98,340,368,86,59,16,1,10,38,45,18,1,71,6,4,1,1,0,0.252
178,Ryan Noda,OAK,125,430,513,94,55,20,1,18,62,54,69,1,170,9,3,1,5,2,0.218
179,Ty France,SEA,144,540,603,140,97,28,1,15,70,65,40,1,103,19,4,1,1,0,0.26
180,Luis Urías,SEA,89,299,346,67,43,13,1,10,38,36,36,0,80,8,2,0,2,1,0.225
181,Kevin Kiermaier,TOR,107,363,399,89,60,18,4,7,49,38,29,1,92,4,3,1,12,2,0.244
182,Mark Canha,DET,127,438,510,112,76,23,2,12,59,55,52,0,88,15,4,1,7,2,0.256
183,Parker Meadows,DET,123,457,510,105,67,21,5,13,61,49,43,1,124,4,4,2,15,3,0.23
184,Jordan Walker,STL,131,485,540,130,85,25,2,18,65,64,43,1,123,7,3,1,10,3,0.268
185,Chris Taylor,LAD,109,374,425,87,52,19,2,14,54,52,43,1,135,5,2,1,12,3,0.231
186,Luis Campusano,SDP,113,406,443,106,73,19,1,13,50,55,28,1,77,5,3,1,1,0,0.261
187,Eloy Jiménez,CHW,125,477,521,130,84,23,0,22,60,72,37,1,106,3,4,0,0,0,0.273
188,Ramón Laureano,CLE,108,404,453,94,57,21,2,14,55,49,35,0,122,11,2,0,13,3,0.232
189,Jackson Chourio,MIL,126,475,513,120,79,24,2,15,61,62,30,1,111,3,4,1,20,5,0.253
190,Lane Thomas,WSN,141,547,602,137,83,30,3,21,78,69,43,0,151,6,5,1,15,4,0.25
191,Amed Rosario,TBR,97,394,420,108,78,18,4,7,53,45,20,0,75,3,3,1,11,3,0.273
192,Wyatt Langford,TEX,104,381,432,98,60,21,2,16,54,53,42,1,93,5,3,2,11,3,0.258
193,Jon Berti,MIA,103,350,391,91,67,16,2,6,48,32,34,1,79,4,2,1,21,5,0.26
194,Dylan Carlson,STL,94,326,372,81,52,19,2,9,44,40,36,1,73,6,3,0,4,1,0.25
195,Bryan De La Cruz,MIA,138,518,562,138,88,28,1,20,63,69,37,1,128,3,4,0,4,1,0.266
196,Michael Massey,KCR,111,407,445,101,64,22,1,14,49,54,26,1,96,6,4,2,6,2,0.248
197,Brandon Drury,LAA,127,484,526,122,71,25,2,23,65,74,31,0,130,6,4,0,1,1,0.251
198,Kerry Carpenter,DET,129,485,534,125,76,23,2,23,66,73,38,3,131,8,3,0,5,2,0.258
199,Mike Yastrzemski,SFG,118,411,473,94,52,24,2,17,59,55,51,2,120,5,3,1,4,1,0.229
200,Christian Encarnacion-Strand,CIN,109,408,447,109,64,21,1,23,58,69,30,1,119,6,2,0,3,1,0.266
201,LaMonte Wade Jr.,SFG,117,403,475,98,63,17,2,16,58,51,59,2,92,7,3,3,3,1,0.242
202,Brayan Rocchio,CLE,100,369,408,91,63,20,2,6,48,41,30,0,78,4,3,1,11,3,0.247
203,Justin Turner,TOR,120,454,511,117,77,24,0,15,61,67,43,0,91,8,5,0,3,1,0.258
204,Brent Rooker,OAK,128,458,518,105,58,21,1,25,60,66,48,1,170,9,3,0,4,1,0.228
205,René Pinto,TBR,105,341,363,78,46,17,1,14,36,44,16,0,119,3,1,1,1,0,0.228
206,Andrew Vaughn,CHW,143,544,597,142,90,29,1,22,69,76,40,1,117,9,4,1,0,0,0.261
207,Travis d'Arnaud,ATL,81,294,321,72,45,15,1,11,39,42,21,0,73,4,1,0,0,0,0.247
208,Jordan Lawlar,ARI,84,284,318,69,46,13,2,7,41,32,26,1,80,5,2,1,13,3,0.243
209,MJ Melendez,KCR,131,485,554,117,67,26,4,20,70,63,61,1,144,3,4,1,5,2,0.242
210,Joc Pederson,ARI,111,376,434,95,57,17,3,18,57,60,47,3,95,7,3,0,1,1,0.253
211,Junior Caminero,TBR,75,290,316,77,52,12,1,12,38,43,21,1,65,3,2,1,3,1,0.265
212,Johan Rojas,PHI,90,292,318,78,56,14,3,5,40,33,15,0,72,4,1,5,21,3,0.266
213,Nick Madrigal,CHC,84,293,321,82,64,15,2,1,36,28,18,0,31,6,1,3,8,2,0.281
214,Willi Castro,MIN,112,393,437,97,65,19,3,10,57,42,30,1,102,9,3,2,25,5,0.247
215,Brice Turang,MIL,118,409,456,99,70,18,3,8,51,42,40,1,93,2,3,3,20,4,0.242
216,Wilmer Flores,SFG,115,411,463,105,67,20,1,17,54,58,42,0,69,6,4,0,0,0,0.256
217,Jeimer Candelario,CIN,131,487,548,122,72,29,2,20,69,72,49,1,125,8,4,0,4,1,0.251
218,Marco Luciano,SFG,117,404,453,91,59,18,1,12,49,47,43,0,143,3,2,1,6,1,0.224
219,Jake Meyers,HOU,96,324,358,76,50,16,2,9,42,38,26,0,94,5,2,1,6,2,0.236
220,Luis García Jr.,WSN,115,435,467,119,82,23,3,10,54,51,25,1,71,2,4,1,7,3,0.273
221,Javier Báez,DET,132,502,539,121,81,23,3,14,61,61,25,0,134,8,3,1,11,3,0.241
222,Michael A. Taylor,,97,343,377,79,51,13,1,13,45,43,27,0,113,3,2,2,9,2,0.231
223,Gio Urshela,DET,82,298,322,82,58,15,1,7,35,37,19,0,58,2,3,0,2,1,0.274
224,Freddy Fermin,KCR,54,182,200,47,31,9,1,6,23,24,14,0,43,1,1,1,0,0,0.256
225,Luke Raley,SEA,105,359,404,83,50,15,1,16,50,49,29,1,127,12,3,1,10,2,0.232
226,J.D. Martinez,,108,438,486,112,64,25,1,22,61,74,40,1,135,3,5,0,1,0,0.256
227,Kyle Isbel,KCR,100,341,373,83,52,19,3,9,47,39,25,0,78,3,2,1,10,3,0.243
228,Tim Anderson,MIA,125,507,539,140,108,24,2,7,65,45,25,0,114,4,2,1,15,4,0.276
229,José Caballero,TBR,86,253,297,57,39,12,1,5,37,27,32,0,68,9,3,1,22,4,0.227
230,Wilyer Abreu,BOS,111,378,433,92,57,20,1,13,54,51,49,1,113,3,2,1,10,3,0.242
231,Joey Ortiz,MIL,93,299,327,77,52,17,2,6,38,35,21,1,67,3,4,1,5,1,0.257
232,Victor Caratini,HOU,68,222,250,53,37,8,0,7,26,28,21,1,53,4,2,1,1,0,0.237
233,Myles Straw,CLE,118,412,460,102,79,19,2,2,51,32,40,0,81,2,4,3,19,4,0.248
234,Andrew Benintendi,CHW,135,513,573,137,99,27,2,8,67,50,51,2,87,3,4,2,11,3,0.267
235,Iván Herrera,STL,50,158,187,39,27,8,0,4,22,20,22,0,44,3,2,2,2,1,0.245
236,Miguel Amaya,CHC,70,221,254,50,32,10,0,7,27,28,23,1,68,7,2,1,1,0,0.225
237,Nelson Velázquez,KCR,105,372,412,88,45,18,1,23,52,55,33,2,124,4,2,1,6,2,0.236
238,Michael Conforto,SFG,116,409,472,101,67,19,0,15,56,56,52,3,105,8,3,0,3,1,0.247
239,Alex Kirilloff,MIN,102,359,400,95,62,19,1,13,48,51,31,1,93,7,3,0,2,1,0.265
240,Seth Brown,OAK,118,416,460,96,53,22,2,20,51,62,38,2,123,3,2,1,6,2,0.231
241,Anthony Rizzo,NYY,120,444,509,106,65,19,1,21,63,64,47,2,104,15,3,0,3,2,0.238
242,Ramón Urías,BAL,78,270,299,67,46,14,1,7,33,32,22,0,73,5,2,1,2,1,0.249
243,Starling Marte,NYM,112,428,470,112,80,19,2,11,59,47,28,1,93,10,2,1,25,6,0.261
244,Matt Vierling,DET,103,373,413,96,67,18,3,8,48,39,32,1,85,4,3,1,7,3,0.258
245,Nick Fortes,MIA,90,288,318,67,45,12,1,9,35,32,21,0,58,6,2,1,5,2,0.231
246,Will Benson,CIN,108,349,409,80,47,16,4,13,56,43,52,1,126,4,2,2,16,3,0.229
247,Connor Wong,BOS,101,334,363,79,49,18,1,11,42,39,21,0,111,4,2,2,6,2,0.237
248,Jarred Kelenic,ATL,126,455,510,110,65,26,2,17,66,63,48,3,143,3,3,1,14,4,0.242
249,Patrick Wisdom,CHC,92,312,353,66,33,12,0,20,45,51,34,1,126,4,2,1,5,2,0.21
250,Darell Hernaiz,OAK,88,322,352,80,57,16,2,5,37,31,21,1,61,3,2,3,8,2,0.249
251,Christian Bethancourt,MIA,76,259,276,62,41,12,0,9,32,31,13,0,69,1,2,1,2,1,0.24
252,Tom Murphy,SFG,55,181,203,44,28,8,0,8,23,23,19,0,57,2,2,0,0,0,0.243
253,Josh Bell,MIA,141,519,592,132,85,25,1,20,67,73,65,2,116,4,4,0,0,0,0.255
254,Drew Waters,KCR,87,295,328,71,43,15,3,9,41,33,27,0,101,3,2,0,12,3,0.239
255,José Abreu,HOU,137,522,583,133,89,26,1,18,68,79,46,1,120,9,5,0,0,0,0.256
256,Jesús Sánchez,MIA,117,405,450,100,60,20,3,17,52,57,39,1,117,4,2,1,3,1,0.247
257,Yasmani Grandal,PIT,80,261,303,59,42,10,0,7,29,30,37,0,64,2,2,0,0,0,0.227
258,Mike Tauchman,CHC,89,306,356,74,50,16,1,7,47,35,44,1,83,3,2,1,6,2,0.242
259,Christian Vázquez,MIN,75,257,280,62,45,12,0,5,28,28,18,0,56,2,2,1,2,1,0.242
260,Tommy Pham,,118,425,481,105,68,21,2,14,62,54,48,0,114,4,4,1,15,3,0.248
261,Jake Fraley,CIN,99,336,385,85,53,17,1,14,49,51,41,2,82,5,2,1,15,4,0.252
262,Brett Baty,NYM,109,389,433,93,63,17,0,13,49,48,37,0,116,4,2,1,2,1,0.238
263,Jared Triolo,PIT,65,233,263,59,41,13,1,4,31,24,26,0,68,2,2,0,7,2,0.252
264,Cavan Biggio,TOR,96,308,360,70,44,15,1,9,46,37,43,1,95,5,3,1,5,1,0.226
265,Jason Heyward,LAD,97,320,357,79,50,16,1,11,45,40,31,1,67,4,2,0,3,1,0.246
266,J.D. Davis,SFG,110,383,437,95,63,18,1,14,50,50,44,1,126,6,3,0,1,0,0.248
267,Nick Castellanos,PHI,144,570,616,150,92,32,1,24,75,87,37,1,156,4,4,0,8,2,0.263
268,Brandon Belt,,77,281,330,65,36,13,1,14,41,40,44,1,103,4,2,0,1,0,0.23
269,Jean Segura,CLE,65,239,262,63,46,10,1,5,29,25,17,0,40,3,1,1,6,2,0.262
270,Tyler Black,MIL,64,226,262,54,35,12,3,6,33,26,30,1,60,4,1,1,12,3,0.24
271,Hunter Renfroe,KCR,116,435,480,106,62,24,0,20,57,63,37,0,106,3,3,1,1,0,0.244
272,Santiago Espinal,TOR,79,259,285,68,50,14,0,4,31,28,21,1,41,2,2,1,4,2,0.261
273,Carson Kelly,DET,74,234,264,52,35,11,0,6,26,26,24,0,59,3,2,0,1,0,0.222
274,Josh Donaldson,,59,204,235,45,25,10,0,10,28,30,26,0,61,2,2,0,1,0,0.221
275,Josh Rojas,SEA,82,277,311,66,46,14,1,5,37,29,29,1,70,1,3,2,10,2,0.239
276,Abraham Toro,OAK,95,302,336,70,45,17,1,8,35,35,26,1,67,5,2,1,3,1,0.232
277,Elvis Andrus,ARI,75,269,292,67,47,13,1,5,33,29,18,0,50,3,1,1,8,2,0.25
278,Mitch Haniger,SEA,110,407,452,95,57,18,1,19,54,58,36,1,118,6,4,1,1,0,0.233
279,Ceddanne Rafaela,BOS,74,264,283,68,44,14,2,7,37,32,13,0,67,3,2,1,11,3,0.257
280,Isiah Kiner-Falefa,TOR,93,325,356,83,64,14,1,4,40,32,23,0,59,4,2,1,13,4,0.256
281,Max Stassi,CHW,60,202,228,43,28,8,1,7,23,23,21,0,67,3,1,0,0,0,0.211
282,Brandon Crawford,STL,81,277,311,65,43,13,1,9,35,36,27,2,73,4,3,1,3,1,0.235
283,Kyle Farmer,MIN,73,254,279,63,44,12,1,6,32,32,16,0,58,6,2,1,2,1,0.247
284,Gabriel Arias,CLE,78,255,281,59,39,12,1,8,31,29,21,0,81,2,1,1,3,1,0.232
285,Sean Bouchard,COL,100,301,346,77,44,18,2,13,47,43,38,0,94,3,3,0,6,2,0.254
286,Andy Ibáñez,DET,69,244,266,62,41,13,1,7,29,29,18,0,46,2,1,1,2,1,0.255
287,Ryan O'Hearn,BAL,105,364,394,94,60,18,1,15,47,55,23,1,93,3,3,1,3,1,0.26
288,Lawrence Butler,OAK,80,281,307,65,41,13,1,9,32,32,21,1,81,2,2,1,6,1,0.232
289,Zach McKinstry,DET,93,325,363,77,50,15,3,8,42,32,30,0,81,4,2,2,10,3,0.236
290,Ezequiel Duran,TEX,82,291,314,74,46,16,2,10,38,36,17,1,82,4,2,1,6,2,0.254
291,Jorge Mateo,BAL,60,202,219,47,30,10,2,5,29,21,12,0,55,2,1,2,16,3,0.232
292,Dylan Moore,SEA,63,185,213,38,22,9,1,7,27,22,21,0,65,5,1,0,11,4,0.208
293,Colson Montgomery,CHW,52,186,214,43,29,8,1,5,24,21,22,1,50,4,1,0,1,0,0.234
294,Victor Robles,WSN,97,319,362,76,53,16,2,6,42,30,25,1,79,10,2,6,15,4,0.24
295,Luke Maile,CIN,62,183,205,42,28,9,0,5,21,23,17,0,54,3,1,1,1,0,0.229
296,Manuel Margot,MIN,79,283,308,75,53,16,1,6,38,36,20,0,51,2,2,1,8,3,0.265
297,Miguel Rojas,LAD,69,246,268,62,45,12,1,4,29,25,16,0,33,3,2,1,5,2,0.252
298,Elias Díaz,COL,115,407,443,104,69,21,1,13,46,54,30,0,95,2,3,0,1,0,0.255
299,Jake McCarthy,ARI,63,214,238,55,39,10,3,3,30,21,18,0,49,4,1,2,17,3,0.258
300,Gary Sánchez,MIL,69,237,268,51,27,9,0,14,30,38,25,0,73,4,2,0,1,0,0.214
301,Austin Slater,SFG,73,216,245,55,37,10,1,6,31,25,25,0,67,3,1,0,6,2,0.253
302,Omar Narváez,NYM,64,202,230,47,34,9,0,4,22,20,22,0,45,3,2,1,0,0,0.232
303,Miguel Vargas,LAD,53,183,208,46,28,11,1,6,27,25,21,1,42,3,2,0,3,1,0.25
304,Garrett Mitchell,MIL,85,302,339,73,49,13,2,8,41,34,29,0,103,4,2,2,12,2,0.24
305,Jose Trevino,NYY,72,242,258,57,40,10,1,6,26,27,12,0,43,2,1,1,1,1,0.234
306,Andruw Monasterio,MIL,72,244,276,60,43,12,1,4,32,26,27,0,62,3,2,0,7,2,0.246
307,Connor Joe,PIT,91,319,368,77,49,17,2,8,45,36,41,0,82,5,2,0,3,2,0.241
308,Liover Peguero,PIT,105,377,408,92,63,17,2,10,45,41,24,0,107,2,2,3,13,3,0.244
309,Akil Baddoo,DET,78,259,294,60,39,12,3,8,36,28,32,1,73,1,1,1,11,3,0.233
310,Josh Smith,TEX,52,157,183,36,23,8,1,4,22,17,19,0,40,5,1,1,3,1,0.229
311,Edmundo Sosa,PHI,62,203,219,50,33,10,2,6,26,24,8,0,52,6,1,1,4,1,0.247
312,Buddy Kennedy,DET,19,53,60,13,9,3,0,1,7,6,6,0,13,1,0,0,1,0,0.243
313,Reese McGuire,BOS,71,226,247,55,40,12,1,2,23,20,14,0,57,2,2,3,2,1,0.246
314,Mauricio Dubón,HOU,86,307,331,80,57,15,1,7,41,34,16,0,48,3,3,1,5,2,0.261
315,Taylor Walls,TBR,74,248,285,51,33,12,1,6,34,26,33,0,73,1,1,1,12,3,0.207
316,JJ Bleday,OAK,116,398,462,85,49,19,2,15,51,47,56,0,115,3,4,1,6,2,0.213
317,Kyle Higashioka,SDP,63,203,220,44,27,9,0,8,22,27,13,0,58,1,2,1,0,0,0.219
318,James McCann,BAL,58,192,210,45,31,8,0,5,22,22,13,0,54,3,1,1,2,1,0.233
319,Jakob Marsee,SDP,42,150,173,35,23,7,1,4,21,16,20,0,39,2,1,0,6,1,0.232
320,Brenton Doyle,COL,125,446,481,104,67,19,4,14,57,51,25,0,161,4,3,3,20,4,0.233
321,Adam Duvall,,91,349,384,77,40,16,1,20,47,57,26,0,119,5,3,0,3,1,0.222
322,Nicky Lopez,CHW,109,358,403,87,69,14,2,2,44,28,33,0,60,5,2,6,11,3,0.243
323,Will Brennan,CLE,78,279,300,76,55,16,1,4,31,31,17,1,41,3,2,0,8,2,0.272
324,Estevan Florial,CLE,66,223,251,50,31,11,1,7,30,26,24,1,82,2,2,1,10,3,0.224
325,Kolten Wong,,61,202,226,48,32,10,1,5,27,24,17,1,43,5,2,1,5,2,0.24
326,Kyle Manzardo,CLE,98,352,402,81,47,20,1,13,42,47,42,1,84,3,5,1,1,0,0.231
327,Brian Anderson,SEA,49,170,193,39,26,8,0,5,21,21,18,0,54,4,1,0,1,0,0.229
328,Michael Busch,CHC,101,349,395,82,50,18,1,13,47,46,37,0,108,5,3,1,3,1,0.236
329,Adam Frazier,KCR,85,295,325,76,55,16,2,4,38,31,23,1,43,3,2,2,7,3,0.259
330,Edward Olivares,PIT,82,296,323,78,51,16,2,9,40,34,20,0,58,5,2,1,9,3,0.263
331,Giancarlo Stanton,NYY,104,385,435,87,48,14,0,26,52,68,45,2,127,2,2,0,0,0,0.227
332,Joey Gallo,WSN,109,346,410,65,30,12,1,22,49,52,59,1,159,4,1,0,2,1,0.187
333,Alex Jackson,TBR,42,145,159,31,17,7,1,6,17,19,10,0,52,3,1,0,0,0,0.21
334,Xavier Edwards,MIA,46,150,167,41,33,7,0,2,19,14,13,0,23,1,1,2,6,1,0.274
335,Kris Bryant,COL,114,430,484,114,72,25,1,16,62,56,44,0,99,7,2,0,2,1,0.265
336,Tyrone Taylor,NYM,85,288,312,67,39,14,2,12,38,40,17,0,73,5,2,0,7,2,0.233
337,Donovan Solano,,79,270,301,73,53,15,0,5,31,29,22,0,64,6,2,0,0,0,0.271
338,Heston Kjerstad,BAL,68,233,256,60,39,12,2,8,31,28,16,1,59,4,1,0,1,0,0.258
339,Nick Allen,OAK,68,224,246,52,39,10,1,3,24,17,15,0,42,1,1,4,5,2,0.233
340,Joshua Palacios,PIT,91,305,337,78,53,14,2,9,39,39,23,0,69,5,2,3,8,2,0.257
341,Evan Longoria,,59,196,219,45,27,9,0,9,25,28,19,0,63,2,2,0,0,0,0.232
342,Paul DeJong,CHW,93,323,355,66,40,13,0,13,37,39,24,0,106,5,3,0,4,2,0.204
343,Rob Refsnyder,BOS,63,194,225,51,35,10,1,4,28,24,25,0,51,4,2,0,4,1,0.26
344,Jasson Domínguez,NYY,42,159,179,38,25,7,1,5,24,20,18,1,47,1,1,0,7,1,0.242
345,Tyler Freeman,CLE,32,103,115,27,20,6,0,2,13,12,7,0,17,3,1,1,3,1,0.266
346,Jonny DeLuca,TBR,94,276,305,64,38,14,2,10,35,35,22,1,64,4,2,1,6,1,0.232
347,Oswald Peraza,NYY,55,194,214,45,32,8,1,5,25,21,15,0,50,4,1,0,7,2,0.234
348,Joey Wiemer,MIL,70,231,257,53,33,11,1,8,31,29,22,0,72,3,1,0,8,2,0.228
349,Whit Merrifield,PHI,101,407,442,106,76,21,1,8,54,46,27,0,74,2,5,1,18,5,0.261
350,Luis Matos,SFG,67,236,259,62,45,12,1,5,31,27,18,0,33,3,1,1,9,1,0.264
351,Andrew Knizner,TEX,50,166,183,37,25,7,0,6,20,20,13,0,43,3,1,1,1,0,0.225
352,Matt Thaiss,LAA,51,158,182,34,23,6,0,5,19,19,19,0,47,2,2,0,1,0,0.216
353,Carlos Santana,MIN,115,422,484,96,62,19,1,15,55,58,57,1,84,2,3,1,3,1,0.229
354,Spencer Horwitz,TOR,30,97,111,25,17,6,0,2,12,12,12,0,22,1,1,0,1,0,0.255
355,Alexander Canario,CHC,38,138,150,31,17,7,0,6,19,20,11,0,47,1,0,0,2,0,0.227
356,Riley Adams,WSN,50,163,182,36,21,9,1,5,17,20,15,0,56,4,1,0,0,0,0.222
357,Jordan Diaz,OAK,76,270,290,67,46,13,0,8,27,32,15,1,58,3,1,0,1,0,0.249
358,Dominic Canzone,SEA,65,225,243,55,34,12,1,8,29,30,15,0,48,2,1,0,3,1,0.244
359,Enrique Hernández,LAD,81,308,342,72,47,16,1,8,39,39,26,0,65,3,3,0,2,1,0.235
360,Andrew McCutchen,PIT,108,392,458,95,62,19,1,13,54,50,59,0,99,4,4,0,8,2,0.242
361,Dominic Fletcher,CHW,98,356,393,85,58,17,3,8,43,38,27,1,93,4,2,3,4,2,0.24
362,Wander Franco,TBR,11,44,48,12,8,3,0,1,7,6,4,0,6,0,0,0,2,1,0.286
363,Robbie Grossman,,96,328,385,75,48,16,1,9,45,40,49,0,94,4,4,1,5,1,0.228
364,Rowdy Tellez,PIT,107,371,418,88,53,17,1,18,45,58,40,3,89,3,3,0,1,0,0.237
365,Enmanuel Valdez,BOS,42,137,151,34,20,8,1,5,18,19,12,0,36,1,1,0,3,1,0.246
366,Garrett Hampson,KCR,63,196,219,48,34,9,1,3,26,18,17,0,54,2,1,2,7,1,0.245
367,C.J. Cron,BOS,82,325,360,78,47,15,1,15,43,50,28,1,90,5,3,0,0,0,0.241
368,Ji Hwan Bae,PIT,70,242,269,61,44,13,2,2,34,23,22,0,60,2,1,1,15,4,0.252
369,Lenyn Sosa,CHW,63,225,240,55,36,10,0,8,24,26,11,0,55,1,1,2,1,1,0.243
370,Dairon Blanco,KCR,37,101,111,26,18,5,1,2,14,10,7,0,27,2,0,1,13,2,0.256
371,Blake Sabol,SFG,30,96,106,22,14,4,0,4,11,12,8,0,34,1,0,0,1,0,0.231
372,Jesse Winker,,76,254,300,61,41,12,0,7,32,32,41,1,60,4,2,0,0,0,0.241
373,Adalberto Mondesi,,54,210,225,47,30,9,2,6,30,22,11,0,70,1,1,2,17,3,0.223
374,Kevin Smith,NYY,29,80,87,16,10,3,0,2,10,9,5,0,28,0,1,1,2,0,0.203
375,Austin Barnes,LAD,51,164,186,35,25,6,0,4,20,17,17,0,40,2,1,1,2,1,0.214
376,Michael Stefanic,LAA,32,101,114,27,21,4,0,1,12,10,10,0,14,2,0,0,1,1,0.267
377,Rougned Odor,,54,142,158,31,18,7,0,5,18,18,13,0,38,3,1,0,2,1,0.216
378,Randal Grichuk,ARI,72,264,285,66,41,13,1,10,34,34,16,0,62,3,2,0,1,1,0.249
379,Francisco Mejía,,38,126,135,30,19,7,0,4,14,15,6,0,31,2,1,0,0,0,0.239
380,Brooks Lee,MIN,32,116,127,28,19,7,0,3,14,13,9,0,24,1,1,0,1,0,0.245
381,Nick Gonzales,PIT,56,197,222,46,29,11,2,4,24,22,18,0,63,4,2,1,2,1,0.233
382,Sam Haggerty,SEA,43,119,135,29,19,6,1,3,16,12,12,0,30,2,1,1,8,1,0.239
383,Aledmys Díaz,OAK,78,271,295,65,43,15,0,6,27,29,16,1,54,5,2,1,1,0,0.238
384,Austin Meadows,,29,103,116,26,15,6,1,4,14,16,11,0,20,1,1,0,1,0,0.252
385,Daniel Vogelbach,,44,145,170,33,21,6,0,7,19,22,24,1,42,1,0,0,0,0,0.23
386,Harold Ramírez,TBR,79,290,313,82,58,16,1,7,35,39,15,0,55,5,3,0,3,1,0.282
387,Mike Zunino,,30,96,107,18,10,4,0,5,12,13,9,0,41,1,1,0,0,0,0.19
388,Mickey Moniak,LAA,95,356,381,84,49,17,3,15,44,45,17,1,123,4,2,3,6,2,0.237
389,Alex Call,WSN,44,142,163,32,21,7,0,4,18,16,18,0,31,2,0,1,4,1,0.225
390,Colton Cowser,BAL,45,145,168,34,23,7,0,4,21,17,19,0,50,2,2,0,2,1,0.234
391,Rodolfo Castro,PHI,28,91,100,20,12,4,0,4,11,11,8,0,29,1,0,0,1,0,0.219
392,Curtis Mead,TBR,45,166,185,42,27,10,0,5,21,21,15,1,38,2,2,0,2,1,0.256
393,Orelvis Martinez,TOR,36,132,147,29,16,6,0,6,16,19,12,1,40,1,1,0,0,0,0.216
394,Miles Mastrobuoni,CHC,28,82,92,21,15,4,0,1,11,7,9,0,22,0,0,0,4,1,0.252
395,Trevor Larnach,MIN,60,204,233,46,28,10,1,8,27,29,25,1,76,2,2,0,1,0,0.227
396,Braden Shewmake,CHW,45,132,142,29,19,6,1,3,15,14,8,0,32,1,1,0,3,1,0.222
397,Austin Hedges,CLE,56,171,190,33,24,5,0,4,16,16,12,0,47,2,2,3,1,1,0.194
398,Nick Senzel,WSN,98,341,376,80,55,15,1,9,44,37,28,0,77,3,2,1,8,3,0.236
399,Alec Burleson,STL,60,207,226,54,37,11,1,6,25,27,15,0,34,2,2,0,2,0,0.259
400,Curt Casali,,26,74,86,15,10,3,0,2,8,8,9,0,24,2,0,1,0,0,0.204
401,Garrett Stubbs,PHI,34,104,118,23,16,4,1,2,13,11,11,0,28,1,1,2,2,0,0.218
402,Eric Haase,MIL,33,111,120,24,16,4,0,4,12,14,8,0,35,0,1,0,1,0,0.221
403,Oswaldo Cabrera,NYY,47,155,171,35,23,7,0,5,20,19,13,0,41,1,1,1,4,1,0.229
404,Wade Meckler,SFG,27,76,86,21,15,4,1,1,10,8,8,0,20,1,0,0,1,0,0.272
405,Nick Gordon,MIA,69,231,250,57,37,13,2,6,29,27,12,0,52,3,2,1,5,2,0.249
406,Eguy Rosario,SDP,42,139,152,32,21,7,1,3,17,15,11,1,38,1,1,0,3,1,0.233
407,Carter Kieboom,WSN,62,218,245,50,34,9,1,6,26,24,22,0,61,3,1,0,1,0,0.228
408,Austin Nola,KCR,20,60,69,14,10,3,0,1,7,6,6,0,12,1,0,1,0,0,0.24
409,Garrett Cooper,CHC,89,318,354,80,52,16,1,11,38,43,29,0,97,4,2,0,0,0,0.251
410,Juan Brito,CLE,19,50,56,12,8,3,0,1,6,6,6,0,11,0,0,0,1,0,0.241
411,Drew Millas,WSN,14,44,49,10,7,2,0,1,5,4,5,0,10,0,0,0,0,0,0.236
412,Franmil Reyes,,26,84,93,19,12,3,0,4,10,12,7,0,30,1,1,0,0,0,0.227
413,Manny Piña,,10,32,35,7,5,1,0,1,4,4,3,0,7,1,0,0,0,0,0.228
414,Miguel Andujar,OAK,59,209,226,53,36,11,1,5,23,26,14,1,35,1,2,0,3,1,0.256
415,Travis Jankowski,TEX,56,161,186,40,31,7,1,1,23,14,22,0,33,2,1,1,9,2,0.247
416,Addison Barger,TOR,15,53,59,12,8,3,0,2,6,6,5,0,16,1,0,0,0,0,0.232
417,Jonathan Aranda,TBR,51,162,184,40,26,8,1,5,22,22,18,1,47,3,1,0,1,0,0.245
418,Ildemaro Vargas,WSN,60,207,223,51,37,10,1,3,22,21,13,0,24,1,1,1,2,1,0.247
419,Sam Hilliard,COL,31,90,101,19,12,4,0,3,12,10,9,0,34,1,1,0,3,0,0.21
420,Christian Arroyo,MIL,35,102,110,25,17,5,0,2,11,12,6,0,22,1,1,1,1,1,0.251
421,Stuart Fairchild,CIN,62,184,209,42,26,9,1,6,26,22,17,0,58,5,1,1,6,2,0.228
422,Rafael Marchán,PHI,9,33,36,8,6,2,0,0,4,4,3,0,5,1,0,0,0,0,0.241
423,Pablo Reyes,BOS,36,112,123,28,20,6,0,2,15,12,10,0,22,0,1,0,3,1,0.252
424,Nick Ahmed,SFG,45,150,162,34,23,8,1,3,17,15,10,0,39,1,1,0,3,1,0.229
425,Sam Huff,TEX,28,86,94,20,13,3,0,4,10,12,7,1,30,1,0,0,0,0,0.232
426,Seby Zavala,SEA,44,137,153,27,17,5,0,4,14,15,11,0,56,1,1,2,1,0,0.194
427,Luis Torrens,,44,97,106,23,15,4,0,3,11,12,7,0,29,1,1,0,0,0,0.234
428,David Fry,CLE,37,101,112,24,14,6,0,3,12,13,8,0,27,2,1,0,1,0,0.234
429,Yu Chang,,30,79,87,17,10,4,0,3,10,10,5,0,25,1,1,0,1,0,0.219
430,Nick Loftin,KCR,31,109,120,27,20,6,0,2,13,12,8,0,20,1,1,0,2,1,0.251
431,Jace Peterson,ARI,46,148,169,34,24,6,1,3,19,16,18,1,40,2,1,1,5,1,0.232
432,Jackson Merrill,SDP,51,194,209,49,34,10,1,4,23,22,12,0,33,1,1,1,4,1,0.252
433,Jacob Young,WSN,30,103,114,26,19,5,1,1,12,10,8,0,21,1,0,2,7,1,0.256
434,Jordan Luplow,ATL,27,80,90,17,10,4,0,3,11,11,9,0,23,1,0,0,1,0,0.217
435,Luis Guillorme,ATL,31,92,107,23,18,4,0,1,11,8,12,0,19,1,1,1,0,0,0.248
436,Eduardo Escobar,TOR,49,171,186,40,25,8,2,5,20,22,13,0,44,0,2,0,0,0,0.233
437,Mark Vientos,NYM,99,356,390,83,51,16,1,16,42,49,28,1,113,3,2,0,1,0,0.234
438,Tucker Barnhart,ARI,42,131,145,28,22,5,0,1,12,12,12,0,40,1,1,0,1,0,0.217
439,Owen Miller,MIL,52,185,201,46,32,10,0,4,22,21,12,0,41,2,2,0,4,1,0.251
440,David Villar,SFG,21,68,76,14,8,3,0,3,9,9,7,0,23,1,0,0,0,0,0.212
441,Matt Mervis,CHC,48,167,186,39,24,9,0,7,21,24,17,1,48,3,0,0,0,0,0.235
442,Coby Mayo,BAL,8,28,31,7,4,1,0,1,3,4,3,0,9,0,0,0,0,0,0.237
443,José Fermín,STL,20,64,73,16,12,3,0,1,9,7,6,0,10,1,0,1,1,0,0.246
444,Jacob Stallings,COL,54,171,193,41,29,8,0,3,18,18,17,0,42,2,1,1,0,0,0.237
445,Osleivis Basabe,TBR,15,51,55,13,9,3,0,0,6,5,3,0,10,0,0,0,1,0,0.257
446,Cade Marlowe,SEA,46,153,168,32,21,6,1,4,19,17,13,0,54,2,1,0,6,2,0.211
447,Roberto Pérez,BOS,16,51,57,10,6,2,0,2,6,6,6,0,19,0,0,0,0,0,0.203
448,Ali Sánchez,PIT,9,33,36,8,6,2,0,0,3,3,3,0,8,0,0,0,0,0,0.24
449,Jace Jung,DET,10,36,40,8,5,2,0,1,4,5,4,0,11,0,0,0,0,0,0.222
450,Jurickson Profar,SDP,112,399,455,95,63,21,1,9,51,43,47,0,77,5,3,1,3,1,0.237
451,Charles Leblanc,LAA,12,33,37,8,5,1,0,1,4,4,3,0,11,0,0,0,0,0,0.233
452,Jonathan Schoop,,51,177,191,42,29,8,0,5,20,20,10,0,42,2,2,0,1,0,0.238
453,Pedro Pagés,STL,8,28,31,6,4,1,0,1,3,3,2,0,8,0,0,0,0,0,0.224
454,Dillon Dingler,DET,8,26,29,6,3,1,0,1,3,3,2,0,9,1,0,0,0,0,0.214
455,Jorge Alfaro,CHC,20,66,70,16,11,3,0,1,7,8,3,0,21,1,0,0,1,0,0.237
456,Nick Maton,BAL,22,67,76,15,9,3,0,2,8,8,8,0,20,1,1,0,0,0,0.218
457,Martín Maldonado,CHW,81,264,296,51,31,9,0,10,28,30,23,0,95,3,1,4,0,0,0.193
458,Matt Shaw,CHC,12,44,47,11,8,2,0,1,6,5,2,0,9,1,0,0,2,0,0.26
459,Tucupita Marcano,SDP,36,119,131,29,20,6,1,2,14,12,9,0,24,1,1,1,3,1,0.24
460,Dominic Smith,,58,205,228,52,36,11,0,5,24,24,17,1,42,4,2,0,1,0,0.253
461,Brett Harris,OAK,10,37,41,8,6,2,0,1,4,4,3,0,9,1,0,1,1,0,0.227
462,Jair Camargo,MIN,6,19,21,4,2,1,0,1,2,2,1,0,7,0,0,0,0,0,0.213
463,Jake Lamb,,17,55,62,12,8,2,0,2,7,6,6,0,17,1,0,0,0,0,0.221
464,Luisangel Acuña,,13,36,39,9,6,2,0,1,5,3,3,0,9,0,0,0,2,0,0.243
465,George Valera,CLE,16,56,64,12,8,2,0,2,7,7,7,0,19,0,0,0,0,0,0.216
466,Jeter Downs,NYY,34,51,58,10,7,2,0,1,7,5,6,0,16,1,0,0,5,0,0.204
467,Michael Chavis,SEA,50,136,146,30,20,6,1,4,15,15,7,0,46,1,1,0,1,0,0.222
468,Keston Hiura,,22,68,76,16,9,3,0,3,9,10,6,0,27,2,0,0,1,0,0.23
469,Eddys Leonard,DET,8,30,32,7,5,2,0,1,4,4,2,0,8,0,0,0,0,0,0.244
470,Otto Lopez,SFG,30,109,118,28,22,5,1,0,13,10,7,0,21,1,0,0,3,1,0.258
471,Pavin Smith,ARI,28,92,104,22,14,4,0,3,11,12,11,0,22,0,0,0,0,0,0.24
472,Chad Wallach,LAA,31,80,88,16,10,3,0,2,8,8,6,0,28,1,1,1,0,0,0.198
473,Ben Rortvedt,NYY,14,41,46,8,5,2,0,1,5,5,4,0,13,1,0,0,0,0,0.195
474,Jonathan Ornelas,TEX,19,39,42,9,6,2,0,1,5,4,3,0,12,0,0,0,1,0,0.227
475,Ryan Kreidler,DET,16,47,53,10,6,2,0,1,6,5,5,0,16,0,0,0,1,0,0.212
476,Zack Short,NYM,26,75,88,15,9,3,0,3,9,9,10,0,26,0,2,0,1,0,0.195
477,Samad Taylor,SEA,12,37,41,9,6,2,0,1,5,4,4,0,11,0,0,0,3,0,0.237
478,Vidal Bruján,MIA,48,148,164,33,22,7,1,3,20,15,12,0,34,2,1,1,8,3,0.222
479,Logan Porter,KCR,9,24,28,5,4,1,0,1,3,3,3,0,8,0,0,0,0,0,0.221
480,Tyler Heineman,BOS,15,41,46,9,6,2,0,0,4,3,4,0,9,0,0,0,0,0,0.225
481,Richie Palacios,TBR,42,136,154,33,22,8,1,3,17,16,14,0,25,2,1,1,3,1,0.244
482,Jake Alu,WSN,31,107,117,27,19,6,0,2,12,11,7,0,24,1,1,0,3,1,0.25
483,Jose Miranda,MIN,41,150,163,38,26,8,0,4,18,19,10,0,28,2,1,0,1,0,0.256
484,Angel Martínez,CLE,18,48,52,11,8,2,0,1,5,5,3,0,11,0,0,0,1,0,0.234
485,Austin Wynns,CIN,24,73,81,16,12,3,0,2,7,8,6,0,20,1,0,1,0,0,0.224
486,Nick Martini,CIN,23,71,81,17,11,3,0,3,9,10,8,0,19,2,1,0,0,0,0.242
487,Thomas Saggese,STL,6,19,21,5,3,1,0,1,2,3,1,0,5,0,0,0,0,0,0.253
488,Casey Schmitt,SFG,42,144,156,34,23,7,0,3,16,16,8,0,36,2,1,1,1,0,0.235
489,Jorge Barrosa,ARI,6,23,26,6,4,1,0,0,3,2,2,0,5,0,0,0,0,0,0.239
490,Ronny Mauricio,NYM,7,30,31,7,5,1,0,1,4,3,2,0,7,0,0,0,1,0,0.249
491,Tyler Gentry,KCR,21,71,81,17,11,4,0,2,8,8,7,0,20,1,1,0,1,0,0.237
492,Franchy Cordero,,27,74,82,17,10,3,0,3,10,10,7,0,26,1,0,0,1,0,0.224
493,Wil Myers,,33,116,128,27,17,6,0,4,14,15,11,0,39,0,1,0,2,1,0.233
494,Kyren Paris,LAA,16,52,59,11,7,3,0,1,7,5,6,0,19,0,0,0,3,0,0.215
495,César Salazar,HOU,10,26,28,5,4,1,0,0,3,3,2,0,6,1,0,0,0,0,0.209
496,Tommy La Stella,,27,82,91,20,14,4,0,2,9,9,7,0,14,1,1,0,0,0,0.241
497,Carlos Pérez,,18,48,51,10,7,2,0,1,4,5,3,0,8,0,1,0,0,0,0.22
498,Romy Gonzalez,BOS,38,120,129,27,17,5,1,4,16,14,6,0,43,1,1,0,5,1,0.226
499,Mike Brosseau,KCR,14,41,45,9,6,2,0,1,5,5,3,0,12,1,0,0,0,0,0.228
500,Jorbit Vivas,NYY,6,20,23,5,4,1,0,0,3,2,2,0,3,1,0,0,0,0,0.242
501,Kevin Newman,ARI,15,55,59,15,11,3,0,1,6,5,3,0,8,0,0,0,1,0,0.265
502,Damiano Palmegiani,TOR,10,31,34,7,4,1,0,1,4,4,3,0,10,0,0,0,0,0,0.214
503,Ernie Clement,TOR,20,58,62,15,11,3,0,1,7,7,3,0,7,0,0,1,1,0,0.258
504,Matt Duffy,TEX,54,149,163,38,30,6,0,1,15,13,11,0,31,2,1,0,1,0,0.252
505,Jacob Amaya,MIA,22,70,78,16,11,4,0,1,9,7,7,0,16,0,0,0,1,0,0.228
506,Blake Perkins,MIL,25,72,82,16,10,3,0,2,10,8,9,0,22,0,0,0,2,0,0.22
507,Mark Mathias,CIN,15,35,40,8,5,2,0,1,4,4,4,0,11,0,0,0,1,0,0.231
508,Donny Sands,DET,19,47,51,10,7,2,0,1,4,4,4,0,12,0,0,0,0,0,0.22
509,Ryan Bliss,SEA,16,64,69,14,10,3,0,2,8,6,4,0,17,0,0,0,3,1,0.223
510,DJ Stewart,NYM,69,225,258,49,28,9,0,11,29,32,26,1,76,5,1,1,2,0,0.217
511,Aaron Hicks,LAA,97,325,377,74,51,12,1,9,46,37,48,1,88,2,2,1,6,2,0.227
512,Jose Herrera,ARI,30,88,100,19,15,4,0,1,10,8,10,0,24,0,0,2,0,0,0.215
513,David Hamilton,BOS,9,27,30,6,4,1,0,1,4,3,3,0,8,0,0,0,1,0,0.222
514,Austin Martin,MIN,14,49,56,11,8,2,0,1,6,5,5,0,11,2,0,0,2,0,0.232
515,Jason Delay,PIT,36,110,121,25,18,5,0,1,12,10,8,0,31,2,0,1,0,0,0.225
516,Ryan McKenna,BAL,27,70,78,16,10,3,0,2,10,7,6,0,25,1,0,1,2,0,0.223
517,Alan Trejo,COL,40,129,139,32,21,7,0,3,15,16,8,0,33,1,1,0,2,1,0.246
518,Cooper Hummel,SFG,11,35,40,7,4,2,0,1,5,3,5,0,12,1,0,0,1,0,0.204
519,Victor Scott II,STL,9,32,35,8,6,1,0,0,4,3,2,0,7,1,0,0,2,0,0.243
520,Oliver Dunn,MIL,6,21,23,4,3,1,0,1,3,2,3,0,8,0,0,0,0,0,0.212
521,Israel Pineda,WSN,8,25,27,5,3,1,0,1,2,3,2,0,8,0,0,0,0,0,0.217
522,Drew Romo,COL,11,39,42,10,7,2,0,1,5,4,2,0,8,0,0,0,1,0,0.253
523,Brett Wisely,SFG,24,75,85,17,11,4,0,1,9,8,7,0,22,1,1,1,2,1,0.219
524,Evan White,LAA,13,45,49,10,6,2,0,2,5,6,4,0,13,1,0,0,0,0,0.226
525,Terrin Vavra,BAL,22,46,52,11,8,2,0,1,6,5,5,0,11,1,0,1,1,0,0.243
526,David Fletcher,ATL,38,134,143,35,28,6,0,1,16,12,7,0,13,1,0,1,2,1,0.264
527,Kyle Lewis,,19,66,74,15,10,3,0,3,8,9,7,0,21,1,0,0,0,0,0.229
528,Diego Castillo,BAL,15,35,39,8,6,1,0,1,5,4,3,0,8,0,0,0,0,0,0.231
529,Jo Adell,LAA,69,247,270,55,32,11,1,11,32,33,18,1,92,3,1,0,4,1,0.224
530,Danny Mendick,,23,66,72,16,12,3,0,1,8,7,5,0,15,1,0,0,1,0,0.238
531,Zach Remillard,,24,78,87,18,13,3,0,1,9,7,6,0,23,2,0,1,2,1,0.226
532,Nathan Lukes,TOR,37,79,86,20,14,4,0,1,9,8,6,0,17,1,1,0,1,0,0.253
533,Joey Bart,SFG,23,76,83,17,12,2,0,2,8,8,6,0,26,1,0,0,0,0,0.217
534,Jordan Groshans,,9,33,36,8,6,2,0,1,4,3,3,0,7,0,0,0,0,0,0.239
535,Taylor Trammell,SEA,34,103,118,21,12,4,0,4,13,13,12,0,39,1,1,0,2,1,0.2
536,Andy Pages,,13,38,42,9,5,2,0,1,5,5,4,0,12,1,0,0,0,0,0.226
537,Austin Shenton,TBR,7,24,27,5,4,1,0,1,3,3,3,0,8,0,0,0,0,0,0.225
538,Leo Jimenez,TOR,6,23,25,5,4,1,0,0,3,3,2,0,5,1,0,0,0,0,0.241
539,Brett Phillips,CHW,44,98,111,17,11,3,1,3,13,10,11,0,46,1,1,1,4,1,0.178
540,Justyn-Henry Malloy,DET,23,79,91,19,13,4,0,2,10,9,12,0,25,1,0,0,0,0,0.237
541,Andre Lipcius,LAD,8,24,27,6,4,1,0,0,3,3,3,0,5,0,0,0,0,0,0.241
542,AJ Pollock,,55,182,198,45,28,9,1,7,23,24,13,0,41,1,2,0,2,1,0.247
543,Joey Votto,,80,278,322,60,34,12,1,12,34,40,37,1,88,5,1,0,0,0,0.215
544,Chadwick Tromp,ATL,7,22,24,5,3,1,0,1,3,3,2,0,6,0,0,0,0,0,0.214
545,Brady House,WSN,8,30,32,7,5,1,0,1,3,3,2,0,9,1,0,0,0,0,0.244
546,Rob Brantly,TBR,15,49,54,11,8,2,0,1,5,5,3,0,10,2,0,0,0,0,0.226
547,Jake Cave,PHI,40,133,148,31,20,7,1,4,17,17,11,0,41,2,1,0,1,0,0.232
548,Vinny Capra,MIL,11,30,34,7,5,2,0,0,4,3,3,0,7,0,0,0,0,0,0.24
549,Gavin Sheets,CHW,78,265,301,61,40,12,0,10,26,34,32,1,60,2,2,0,1,0,0.232
550,Korey Lee,CHW,38,122,131,26,18,5,0,3,12,12,7,0,39,1,1,0,2,1,0.211
551,Alika Williams,PIT,18,52,57,12,9,3,0,1,6,5,4,0,14,0,0,0,0,0,0.229
552,Charlie Blackmon,COL,108,418,469,114,77,22,4,10,59,51,37,1,75,8,3,2,4,1,0.272
553,Hanser Alberto,,30,98,104,25,17,5,0,2,10,11,3,0,15,1,1,1,1,0,0.252
554,Brett Sullivan,SDP,14,43,47,10,7,2,0,1,5,5,3,0,8,0,0,0,1,0,0.233
555,Michael Pérez,BAL,9,29,32,6,4,1,0,1,3,3,3,0,8,0,0,0,0,0,0.193
556,Coco Montes,COL,9,26,28,6,4,1,0,1,3,3,2,0,8,0,0,0,0,0,0.241
557,Kenedy Corona,HOU,9,30,33,7,4,1,0,1,4,3,2,0,10,0,0,0,1,0,0.22
558,Connor Norby,BAL,8,24,26,6,5,1,0,0,3,3,2,0,6,0,0,0,0,0,0.247
559,James Wood,WSN,24,85,95,20,12,4,0,3,11,11,8,0,31,1,0,0,2,0,0.229
560,Kyle Stowers,BAL,13,40,45,9,6,2,0,1,5,5,4,0,14,0,0,0,0,0,0.222
561,Nasim Nuñez,WSN,26,96,109,21,17,4,0,1,12,7,11,0,24,1,1,1,6,1,0.222
562,Tony Kemp,CIN,51,168,191,40,30,8,1,2,21,16,19,0,22,2,1,2,7,1,0.24
563,Julio Carreras,COL,11,43,47,11,7,3,0,1,6,4,3,0,11,0,0,0,1,0,0.247
564,Andrew Stevenson,,24,43,47,10,8,2,0,1,5,4,3,0,11,1,0,0,2,0,0.242
565,Jonatan Clase,SEA,16,41,46,9,6,2,0,1,5,4,4,0,14,0,0,0,3,0,0.21
566,Kyle McCann,OAK,6,21,23,4,2,1,0,1,2,2,2,0,9,0,0,0,0,0,0.185
567,Yasiel Puig,,15,58,64,14,9,3,0,2,7,7,5,0,16,1,0,0,1,0,0.237
568,Jake Marisnick,LAA,17,46,50,10,7,2,0,1,5,5,3,0,14,1,0,0,1,0,0.227
569,Wenceel Pérez,DET,8,28,31,7,5,1,0,0,4,3,2,0,6,0,0,0,1,0,0.244
570,Jake Bauers,MIL,66,208,238,46,27,10,0,9,27,26,27,0,73,1,1,0,4,1,0.221
571,Pedro León,HOU,6,19,21,4,2,1,0,1,2,2,2,0,7,0,0,0,1,0,0.198
572,Ji Man Choi,,32,107,123,24,15,5,0,4,13,15,15,0,36,1,1,0,0,0,0.224
573,Tyler Wade,SDP,37,78,86,18,13,3,0,1,10,5,6,0,21,1,0,1,6,1,0.225
574,Graham Pauley,SDP,12,43,47,11,7,2,0,2,6,6,3,0,10,1,0,0,1,0,0.246
575,Conner Capel,CIN,14,34,38,8,6,2,0,1,4,4,4,0,10,0,0,0,2,0,0.239
576,Travis Blankenhorn,WSN,12,32,35,7,4,2,0,1,4,4,3,0,9,0,0,0,0,0,0.225
577,Jimmy Herron,COL,6,21,24,5,3,1,0,1,3,3,2,0,5,0,0,0,1,0,0.246
578,Luke Williams,ATL,22,42,45,9,6,2,0,1,5,3,3,0,13,0,0,0,4,0,0.215
579,Kevin Pillar,,53,169,181,39,24,8,1,7,22,22,8,0,41,2,1,0,3,1,0.232
580,Emmanuel Rivera,ARI,60,209,229,53,35,11,1,6,27,26,16,0,47,2,2,0,1,0,0.253
581,Jose Iglesias,NYM,9,34,36,9,6,2,0,0,3,3,2,0,6,0,0,0,0,0,0.255
582,Brian Serven,TOR,8,26,28,5,3,1,0,1,2,3,2,0,8,0,0,0,0,0,0.19
583,Jonah Bride,MIA,21,66,77,15,11,3,0,1,8,7,8,0,15,2,0,0,0,0,0.23
584,Josh Harrison,,31,106,115,26,19,6,0,2,12,11,6,0,21,2,1,0,1,0,0.248
585,Blaze Alexander,ARI,7,20,22,5,4,1,0,0,3,2,2,0,7,0,0,0,0,0,0.224
586,Lazaro Armenteros,OAK,7,24,27,5,3,1,0,1,3,2,2,0,11,0,0,0,1,0,0.199
587,Tyler Soderstrom,OAK,81,281,306,61,39,11,1,9,28,34,19,1,88,2,2,1,1,0,0.217
588,Aaron Schunk,COL,8,27,29,7,4,2,0,1,3,3,2,0,8,0,0,0,0,0,0.242
589,Tyler Fitzgerald,SFG,11,38,41,8,5,2,0,1,5,5,3,0,12,0,0,0,1,0,0.221
590,J.P. Martínez,ATL,20,63,71,13,9,3,0,2,9,7,7,0,23,1,1,0,3,1,0.214
591,Canaan Smith-Njigba,PIT,18,56,63,13,9,3,0,1,7,6,6,0,18,1,0,0,2,0,0.232
592,Livan Soto,LAA,8,23,26,5,4,1,0,0,3,2,2,0,6,0,0,0,0,0,0.219
593,Jesús Aguilar,,36,105,116,24,16,4,0,4,11,13,9,1,27,1,1,0,0,0,0.228
594,Peyton Burdick,CHW,8,22,25,4,2,1,0,1,3,3,2,0,10,0,0,0,0,0,0.197
595,Darin Ruf,,17,54,62,12,8,2,0,2,7,7,7,0,17,1,0,0,0,0,0.225
596,Grae Kessinger,HOU,24,68,76,14,10,3,0,2,8,7,7,0,20,1,0,0,1,0,0.206
597,Ehire Adrianza,,11,29,33,7,4,1,0,1,3,3,3,0,8,0,0,0,0,0,0.221
598,Jhonkensy Noel,CLE,14,37,40,8,5,2,0,1,4,5,3,0,11,1,0,0,0,0,0.223
599,Joey Wendle,NYM,80,275,296,66,45,15,2,3,31,25,14,0,60,4,2,1,7,2,0.239
600,TJ Hopkins,DET,11,28,30,6,5,1,0,1,3,3,3,0,9,0,0,0,0,0,0.231
601,Brennen Davis,CHC,14,43,48,9,6,2,0,1,5,4,4,0,14,1,0,0,1,0,0.216
602,Miguel Sanó,LAA,31,114,129,24,13,5,0,7,17,18,14,0,45,1,1,0,1,0,0.215
603,Matt Carpenter,STL,44,134,160,28,16,7,0,5,17,20,22,0,44,2,1,0,1,0,0.207
604,Oscar Gonzalez,NYY,34,112,118,29,20,6,0,3,12,13,4,0,28,1,1,0,0,0,0.257
605,Taylor Kohlwey,NYM,15,40,44,9,6,2,0,1,4,4,4,0,11,1,0,0,1,0,0.222
606,Luis Liberato,ATL,9,22,24,5,3,1,0,1,3,2,2,0,7,0,0,0,0,0,0.208
607,Johnathan Rodriguez,CLE,10,35,38,8,6,2,0,1,4,5,3,0,12,0,0,0,0,0,0.235
608,Sandy León,KCR,18,42,47,8,6,1,0,1,5,4,4,0,15,0,0,1,0,0,0.19
609,Tomás Nido,NYM,10,28,30,6,5,1,0,0,3,3,1,0,8,0,0,1,0,0,0.217
610,Victor Reyes,,10,31,33,8,6,1,0,1,3,3,2,0,8,0,0,0,0,0,0.248
611,Troy Johnston,MIA,20,75,83,18,12,4,0,2,9,9,6,0,18,1,1,0,1,0,0.243
612,Ben Gamel,,24,75,85,17,13,3,0,2,10,9,9,0,21,0,0,0,1,0,0.231
613,Rece Hinds,CIN,6,21,22,5,3,1,0,1,2,3,1,0,8,0,0,0,0,0,0.221
614,David Hensley,HOU,14,47,53,10,6,2,0,1,6,4,6,0,17,0,0,0,1,0,0.204
615,Anthony Bemboom,DET,12,25,28,5,4,1,0,0,3,2,2,0,6,0,0,0,0,0,0.203
616,Leury García,ATL,18,63,68,16,12,3,0,1,8,6,4,0,15,0,0,1,1,0,0.249
617,Símon Muzziotti,PHI,10,29,33,7,6,1,0,0,4,3,2,0,6,0,0,1,1,0,0.247
618,Darick Hall,PHI,15,52,57,12,7,3,0,2,6,7,4,0,15,0,0,0,0,0,0.226
619,Rafael Ortega,,31,81,92,18,12,3,0,2,10,7,10,0,21,1,1,0,3,1,0.218
620,Clint Frazier,,29,65,75,13,9,3,0,2,8,6,8,0,23,1,0,0,2,0,0.204
621,Dustin Harris,TEX,8,24,27,5,4,1,0,0,3,3,2,0,7,0,0,0,1,0,0.231
622,Irving Lopez,,21,48,54,10,7,2,0,1,5,5,4,0,14,1,1,0,0,0,0.214
623,Bubba Thompson,CIN,15,39,42,9,7,1,0,1,5,4,2,0,12,0,0,0,2,0,0.235
624,Jared Young,STL,14,48,52,11,7,2,0,1,6,6,4,0,14,1,0,0,1,0,0.228
625,Greg Allen,,12,25,29,5,4,1,0,1,4,3,2,0,8,1,0,0,1,0,0.216
626,Kyle Garlick,,27,62,67,13,8,3,0,3,7,8,4,0,22,1,0,0,0,0,0.215
627,Gilberto Celestino,PIT,15,52,58,12,9,3,0,1,5,5,6,0,12,0,0,0,1,0,0.238
628,Mason McCoy,SDP,14,21,22,4,3,1,0,0,2,2,2,0,10,0,0,0,1,0,0.198
629,José Azocar,SDP,93,270,292,64,46,12,2,4,32,24,13,0,71,2,1,5,14,4,0.238
630,Tyler Nevin,BAL,15,42,47,10,8,1,0,1,7,6,4,0,10,0,0,0,0,0,0.235
631,Weston Wilson,PHI,15,44,49,9,6,2,0,1,6,5,4,0,15,0,0,0,3,0,0.208
632,José Tena,CLE,16,46,50,11,8,2,0,1,5,5,3,0,15,0,0,0,1,0,0.232
633,Raimel Tapia,,60,197,215,49,36,9,1,3,25,20,15,0,44,1,1,1,8,2,0.252
634,Nathan Martorella,SDP,13,44,49,10,7,2,0,1,5,6,4,0,11,0,0,0,0,0,0.229
635,Bobby Dalbec,BOS,67,217,241,47,28,8,1,10,29,30,20,0,93,3,1,0,3,1,0.219
636,Jonathan Davis,MIA,19,57,65,13,9,2,0,1,8,5,6,0,17,1,0,0,2,1,0.223
637,Elehuris Montero,COL,99,362,396,92,55,19,1,17,50,55,26,0,114,6,3,0,1,1,0.253
638,Adam Engel,,17,36,39,8,5,1,0,1,4,3,2,0,12,1,0,0,1,0,0.211
639,Billy McKinney,PIT,24,66,74,14,8,3,0,2,8,8,7,0,20,1,1,0,0,0,0.212
640,Trey Cabbage,HOU,18,54,58,11,7,2,0,2,7,7,4,0,23,0,0,0,2,0,0.214
641,Alfonso Rivas,STL,26,80,91,19,13,5,0,1,9,8,9,0,25,1,0,0,1,0,0.236
642,Óscar Mercado,SDP,35,101,109,23,15,5,1,2,12,11,7,0,24,1,1,0,4,1,0.225
643,Bryce Johnson,SDP,23,47,52,11,8,2,0,1,6,4,4,0,16,0,0,0,2,1,0.223
644,Willie Calhoun,LAA,22,70,78,17,13,3,0,2,9,9,7,0,11,0,0,0,0,0,0.243
645,Tim Locastro,,32,60,66,13,9,3,0,1,9,5,3,0,18,2,0,1,5,0,0.22
646,Luke Voit,NYM,29,101,114,22,13,4,0,5,12,15,11,0,38,1,0,0,0,0,0.219
647,Justin Foscue,TEX,37,133,151,31,20,8,0,4,18,17,14,0,27,3,2,0,2,1,0.232
648,Forrest Wall,ATL,38,90,99,21,15,4,1,1,13,8,8,0,28,1,0,0,10,2,0.23
649,Jonathan Araúz,LAD,21,49,54,9,6,2,0,1,5,6,4,0,14,0,0,1,0,0,0.194
650,Brad Miller,TEX,27,81,92,17,11,3,0,3,9,10,9,0,27,0,1,0,1,0,0.213
651,Harold Castro,,47,161,171,42,32,8,0,2,16,17,7,0,37,1,1,1,1,0,0.26
652,Tirso Ornelas,SDP,16,60,66,14,10,3,0,1,7,6,5,0,15,0,0,0,0,0,0.235
653,Zach DeLoach,CHW,16,56,62,12,8,2,0,1,7,6,5,0,20,0,0,0,0,0,0.219
654,Adam Haseley,,34,55,61,13,9,2,0,1,6,5,4,0,13,1,0,1,1,0,0.229
655,Michael Siani,STL,19,39,44,8,6,1,0,1,5,4,4,0,10,0,0,0,2,0,0.211
656,Tyler Naquin,,22,67,73,15,10,3,0,2,8,8,4,0,25,1,0,0,1,0,0.227
657,Moisés Gómez,STL,13,42,45,8,5,2,0,1,4,5,3,0,16,0,0,0,0,0,0.204
658,Hunter Dozier,,19,66,73,15,9,3,0,2,8,8,6,0,21,0,0,0,1,0,0.222
659,P.J. Higgins,CIN,14,40,43,9,6,2,0,1,4,4,3,0,12,0,0,0,0,0,0.226
660,Yuli Gurriel,,51,177,193,45,31,10,1,3,20,20,13,0,26,1,2,0,2,1,0.257
661,Trayce Thompson,NYM,30,86,98,17,11,2,0,3,11,12,11,0,38,1,0,0,1,0,0.196
662,Eddie Rosario,,94,338,367,83,53,16,2,12,41,46,24,1,81,1,3,1,4,1,0.244
663,Andrew Velazquez,ATL,34,75,82,15,10,3,0,2,10,6,6,0,27,0,0,1,6,1,0.206
664,Lewin Díaz,WSN,18,51,56,11,6,2,0,2,5,6,4,0,14,1,0,0,0,0,0.206
665,Jose Barrero,CIN,25,84,92,18,11,4,0,2,10,10,6,0,31,2,0,0,2,1,0.209
666,Jahmai Jones,NYY,15,36,40,8,5,2,0,1,4,4,4,0,12,0,0,0,1,0,0.222
667,Kody Clemens,PHI,22,65,71,14,10,2,0,2,9,9,5,0,19,0,0,0,0,0,0.218
668,Trey Mancini,,43,150,167,36,25,8,0,4,18,19,14,0,43,2,1,0,0,0,0.242
669,Dylan Crews,WSN,45,165,183,38,26,8,0,4,19,17,13,0,48,3,1,1,4,2,0.228
670,Nate Eaton,KCR,23,51,55,11,8,2,0,1,6,5,3,0,16,1,0,0,3,0,0.213
671,Dane Myers,MIA,21,66,72,17,13,2,0,1,9,8,5,0,18,1,0,0,1,0,0.255
672,Stone Garrett,WSN,87,294,323,70,41,15,1,12,38,41,21,1,97,3,3,0,6,2,0.237
673,Derek Hill,TEX,13,39,42,9,6,2,0,1,5,3,3,0,11,0,0,0,1,0,0.232
674,Joey Meneses,WSN,134,528,571,138,96,27,1,14,58,64,35,1,121,4,4,1,0,0,0.261
675,Jared Walsh,,63,194,214,42,26,9,0,8,23,25,17,1,68,2,1,0,1,0,0.219
676,Bligh Madris,DET,18,44,49,9,6,2,0,1,5,4,4,0,13,0,0,0,1,0,0.199
677,Jackie Bradley Jr.,,34,106,117,22,15,5,0,2,12,10,8,0,29,2,1,1,1,0,0.206
678,Heliot Ramos,SFG,17,54,59,13,8,3,0,1,7,6,4,0,17,0,0,0,1,0,0.234
679,Luken Baker,STL,24,73,81,17,12,3,0,2,10,11,7,0,22,0,0,0,0,0,0.23
680,Kole Calhoun,,44,157,173,35,22,7,1,5,18,20,13,0,43,2,1,0,1,0,0.221
681,Oscar Colás,CHW,48,171,184,41,28,8,0,5,21,19,10,1,49,1,1,1,2,1,0.238
682,Nick Pratto,KCR,55,190,217,41,24,9,1,6,24,23,21,1,77,3,2,0,1,1,0.214
683,Corey Dickerson,,47,160,171,41,28,8,1,3,18,18,9,0,32,1,1,0,1,1,0.254
684,Corey Julks,HOU,30,103,113,24,17,5,0,3,13,12,9,0,27,1,0,0,4,1,0.237
685,Cal Mitchell,SDP,37,119,130,28,19,6,0,3,13,14,9,0,34,1,1,0,1,1,0.234
686,David Peralta,CHC,67,236,257,61,40,14,1,5,27,30,17,1,50,2,2,0,2,1,0.258
687,Mike Ford,,36,114,129,24,15,3,0,6,15,16,13,0,36,1,0,0,0,0,0.214
688,Bradley Zimmer,COL,22,62,70,12,8,2,0,1,8,5,6,0,26,2,0,0,3,1,0.196
689,Avisaíl García,MIA,81,289,316,69,47,11,1,10,33,37,20,1,89,5,2,0,4,1,0.239
690,Mike Moustakas,,42,144,159,32,21,7,0,5,17,18,11,0,39,2,2,0,0,0,0.225
691,Jordyn Adams,LAA,33,85,93,18,13,3,0,2,10,7,6,0,31,1,1,0,3,0,0.212
692,Cristian Pache,PHI,52,151,168,33,22,7,1,3,18,16,13,0,46,1,1,2,3,1,0.218
693,Matthew Batten,SDP,43,135,151,30,22,5,0,2,16,12,14,0,39,1,1,0,4,1,0.22
694,Jon Singleton,HOU,38,118,137,23,14,5,0,4,15,15,17,0,37,1,1,0,0,0,0.198
695,Cam Gallagher,,34,94,101,18,13,4,0,1,8,8,5,0,28,1,0,1,0,0,0.188
696,Everson Pereira,NYY,17,62,67,13,8,3,0,2,8,8,5,0,23,0,0,0,2,0,0.214
697,Michael Toglia,COL,31,108,119,23,14,5,1,4,13,13,10,0,36,1,1,0,1,0,0.218
698,Hunter Goodman,COL,78,287,315,71,41,17,2,12,38,46,21,0,85,3,3,0,2,1,0.248
699,Deyvison De Los Santos,CLE,50,188,200,44,30,8,0,5,21,22,9,0,56,1,1,0,1,0,0.234
700,Juan Yepez,WSN,27,89,96,21,13,4,0,3,10,12,6,0,23,1,0,0,0,0,0.235