#,Name,Team,W,L,ERA,G,GS,SV,HLD,IP,TBF,H,R,ER,HR,BB,IBB,HBP,SO
1,Spencer Strider,ATL,15,6,3.39,30,30,0,0,178.2,717,134,73,67,20,59,1,7,251
2,Zack Wheeler,PHI,13,8,3.52,30,30,0,0,186.2,759,164,79,73,21,44,1,8,194
3,Logan Webb,SFG,12,10,3.42,30,30,0,0,193,791,183,80,73,16,41,1,7,172
4,Kevin Gausman,TOR,12,9,3.44,30,30,0,0,181.1,739,161,75,69,22,48,1,4,211
5,Aaron Nola,PHI,12,9,3.89,30,30,0,0,186,755,169,87,80,26,41,1,6,195
6,Pablo López,MIN,12,8,3.52,30,30,0,0,184.2,754,162,78,72,21,49,1,9,204
7,Gerrit Cole,NYY,14,8,3.51,31,31,0,0,195,784,164,83,76,27,49,1,6,218
8,George Kirby,SEA,12,9,3.57,30,30,0,0,181.1,730,171,78,72,22,27,1,7,171
9,Tarik Skubal,DET,10,9,3.44,28,28,0,0,154.2,626,132,64,59,17,41,1,5,177
10,Zach Eflin,TBR,12,8,3.63,28,28,0,0,165.1,668,154,73,67,20,29,2,6,161
11,Framber Valdez,HOU,14,8,3.4,29,29,0,0,186.2,776,164,77,70,16,61,1,10,186
12,Corbin Burnes,BAL,12,8,3.53,30,30,0,0,188,768,157,80,74,21,57,1,9,202
13,Zac Gallen,ARI,13,9,3.66,30,30,0,0,188,769,166,83,76,22,51,1,8,193
14,Yoshinobu Yamamoto,LAD,12,8,3.71,27,27,0,0,167.2,682,145,75,69,20,45,2,6,178
15,Max Fried,ATL,13,7,3.4,28,28,0,0,163.2,673,152,67,62,17,40,1,5,157
16,Luis Castillo,SEA,13,9,3.54,30,30,0,0,188.1,770,160,80,74,23,57,1,7,200
17,Freddy Peralta,MIL,11,9,3.7,28,28,0,0,161.2,660,129,72,66,21,56,1,7,194
18,Justin Steele,CHC,11,8,3.67,29,29,0,0,170.2,712,160,76,70,18,50,1,7,166
19,Jesús Luzardo,MIA,11,9,3.78,29,29,0,0,168,697,148,77,70,22,55,1,6,191
20,Sonny Gray,STL,10,8,3.64,28,28,0,0,163,680,147,72,66,16,53,1,7,155
21,Tyler Glasnow,LAD,12,6,3.5,24,24,0,0,138.1,558,110,58,54,18,43,0,3,175
22,Blake Snell,,11,8,3.49,28,28,0,0,159.1,668,124,67,62,18,78,1,4,202
23,Logan Gilbert,SEA,12,9,3.82,31,31,0,0,184,749,168,85,78,26,42,2,6,183
24,Mitch Keller,PIT,10,10,4.16,30,30,0,0,180.2,769,173,91,84,21,61,1,10,174
25,Jordan Montgomery,,10,8,3.86,28,28,0,0,168.2,701,161,79,72,21,46,1,5,153
26,Shane Bieber,CLE,10,8,3.79,26,26,0,0,166,684,156,76,70,20,43,0,5,157
27,Bobby Miller,LAD,12,7,3.83,26,26,0,0,152,623,133,70,65,18,42,1,7,149
28,Grayson Rodriguez,BAL,11,8,3.74,28,28,0,0,158.2,655,136,72,66,19,53,1,5,171
29,Dylan Cease,CHW,10,9,4.01,30,30,0,0,173.2,736,150,84,77,23,75,2,7,201
30,Tanner Bibee,CLE,11,8,3.76,28,28,0,0,164.1,682,148,75,69,21,50,1,6,168
31,Cole Ragans,KCR,10,9,3.88,27,27,0,0,159,670,138,75,69,18,66,2,5,171
32,Joe Musgrove,SDP,10,7,3.6,26,26,0,0,156.2,645,140,68,63,20,39,2,11,156
33,Kodai Senga,NYM,10,7,3.69,24,24,0,0,144.1,606,118,64,59,17,63,1,5,167
34,Eduardo Rodriguez,ARI,12,9,3.92,28,28,0,0,162.2,684,154,77,71,19,53,1,5,154
35,Braxton Garrett,MIA,9,9,3.86,28,28,0,0,155.2,653,152,72,67,19,40,2,9,152
36,Joe Ryan,MIN,11,9,4,28,28,0,0,163,665,143,79,72,26,42,1,7,181
37,Michael King,SDP,9,7,3.59,32,23,0,1,135.2,563,118,59,54,16,46,2,6,149
38,Chris Bassitt,TOR,12,10,4.01,29,29,0,0,180,753,167,87,80,25,53,1,11,162
39,Carlos Rodón,NYY,10,8,4.08,25,25,0,0,138,571,117,68,63,19,47,1,6,157
40,Merrill Kelly,ARI,11,10,3.99,29,29,0,0,179,751,165,86,79,23,61,2,5,170
41,Chris Sale,ATL,8,6,3.87,23,23,0,0,124,512,108,58,53,17,36,1,9,147
42,Hunter Greene,CIN,9,9,4.19,27,27,0,0,149,626,128,75,69,25,57,1,9,187
43,José Berríos,TOR,11,10,4.16,29,29,0,0,174,728,166,87,80,25,48,1,9,163
44,Ranger Suárez,PHI,9,8,4.01,27,27,0,0,149.2,639,145,73,67,16,55,1,5,132
45,Justin Verlander,HOU,11,8,3.94,25,25,0,0,150,620,137,71,66,21,42,0,6,139
46,Yu Darvish,SDP,9,8,4.1,24,24,0,0,144.1,595,130,71,66,21,40,1,8,145
47,Aaron Civale,TBR,9,8,4.04,25,25,0,0,142,587,132,69,64,20,37,1,7,133
48,Hunter Brown,HOU,11,8,3.99,30,27,0,0,150.2,635,136,73,67,18,56,1,6,162
49,Eury Pérez,MIA,8,8,3.88,25,25,0,0,134,551,113,63,58,20,44,1,5,152
50,Brayan Bello,BOS,11,10,4.29,28,28,0,0,159.2,685,163,83,76,19,53,1,6,139
51,Reid Detmers,LAA,8,9,4.27,27,27,0,0,150.2,640,137,78,71,21,57,2,9,161
52,Shota Imanaga,CHC,9,7,3.87,25,25,0,0,144.2,601,134,68,62,21,41,2,6,146
53,Bailey Ober,MIN,9,8,4.07,27,27,0,0,153,628,144,75,69,24,35,1,6,149
54,Marcus Stroman,NYY,10,9,3.99,27,27,0,0,151.1,638,145,73,67,17,49,1,5,128
55,Nathan Eovaldi,TEX,9,7,4.06,25,25,0,0,149,624,142,73,67,20,44,1,6,138
56,Andrew Abbott,CIN,8,7,4.31,24,24,0,0,131.2,559,122,68,63,21,51,1,4,143
57,Patrick Sandoval,LAA,8,10,4.08,26,26,0,0,149,644,142,73,67,16,65,1,5,138
58,Nick Pivetta,BOS,10,10,4.26,30,26,0,0,157.1,660,137,81,74,24,57,1,6,180
59,Sean Manaea,NYM,8,8,4.23,30,22,0,1,137.2,578,128,70,65,20,44,1,6,142
60,Lucas Giolito,BOS,10,10,4.6,29,29,0,0,168.1,718,160,93,86,27,63,1,6,176
61,Nestor Cortes,NYY,8,6,3.97,26,23,0,0,129,528,113,62,57,20,37,0,4,131
62,Cristopher Sánchez,PHI,8,7,4.12,30,23,0,0,135.2,570,130,67,62,17,41,2,6,119
63,Jon Gray,TEX,9,9,4.3,27,27,0,0,155.1,658,147,81,74,23,53,1,8,149
64,DL Hall,MIL,6,5,3.89,36,15,1,4,101,426,85,47,44,12,45,1,3,123
65,Charlie Morton,ATL,11,8,4.15,26,26,0,0,149.2,645,135,75,69,19,64,1,11,163
66,Brady Singer,KCR,8,10,4.5,28,28,0,0,161,692,167,88,81,20,49,1,9,136
67,Kenta Maeda,DET,8,8,4.21,28,24,0,0,129.2,538,120,66,61,19,37,1,5,134
68,Yusei Kikuchi,TOR,9,8,4.18,28,28,0,0,148,625,136,75,69,23,54,1,6,157
69,Griffin Canning,LAA,8,8,4.16,25,25,0,0,139.1,583,129,70,64,22,44,2,6,148
70,Jose Quintana,NYM,8,8,4.17,26,26,0,0,149.1,639,150,75,69,18,52,1,4,125
71,Kyle Gibson,STL,10,10,4.48,29,29,0,0,170.1,730,174,92,85,22,55,1,8,136
72,Miles Mikolas,STL,9,10,4.46,28,28,0,0,171.2,722,180,92,85,25,37,1,7,120
73,Bryan Woo,SEA,7,8,3.94,31,25,0,0,133.2,555,116,64,58,18,43,2,8,143
74,Seth Lugo,KCR,8,8,4.33,26,26,0,0,143,605,145,75,69,20,41,1,5,125
75,Lance Lynn,STL,9,10,4.49,27,27,0,0,160,676,155,87,80,26,49,1,8,151
76,Walker Buehler,LAD,9,6,3.92,21,21,0,0,121,501,112,57,53,16,33,1,5,113
77,Chris Paddack,MIN,7,6,4.41,26,20,0,0,114.1,479,116,61,56,16,28,1,3,104
78,Triston McKenzie,CLE,8,9,4.13,25,25,0,0,141.1,585,123,70,65,22,48,0,4,141
79,Frankie Montas,CIN,8,8,4.41,22,22,0,0,125,528,121,66,61,19,40,1,4,122
80,Taj Bradley,TBR,8,7,4.17,37,22,0,0,129,539,118,65,60,20,44,1,4,136
81,Dane Dunning,TEX,9,9,4.38,29,27,0,0,156.2,677,159,83,76,21,55,1,9,133
82,Clarke Schmidt,NYY,8,8,4.38,27,27,0,0,142.1,606,140,75,69,21,45,2,8,128
83,Kutter Crawford,BOS,8,8,4.5,32,25,0,0,134.2,566,130,73,67,21,41,2,5,132
84,Kyle Harrison,SFG,6,6,4.08,26,26,0,0,134.1,572,114,66,61,18,59,1,9,149
85,Nick Lodolo,CIN,6,6,4.15,26,20,0,0,112,478,103,56,52,17,38,2,12,133
86,Taijuan Walker,PHI,10,9,4.6,28,28,0,0,158.1,678,155,88,81,22,57,1,7,124
87,Graham Ashcraft,CIN,7,9,4.75,25,25,0,0,143.1,623,150,82,76,20,49,1,9,110
88,Bryce Miller,SEA,8,8,4.16,25,25,0,0,141,583,132,71,65,21,35,1,7,128
89,Steven Matz,STL,7,7,4.05,28,20,0,1,116.1,490,114,57,52,15,35,1,4,110
90,Gavin Williams,CLE,8,8,3.96,26,26,0,0,144,605,124,69,63,18,57,2,7,147
91,Keaton Winn,SFG,7,8,4.19,28,21,0,1,123.2,524,121,63,58,15,36,1,8,107
92,MacKenzie Gore,WSN,8,9,4.29,26,26,0,0,139.2,597,129,72,67,21,58,1,5,148
93,Reese Olson,DET,7,8,4.31,24,24,0,0,132.1,559,122,69,63,17,49,2,5,127
94,Alex Cobb,SFG,5,5,3.84,16,16,0,0,91,384,91,42,39,9,26,0,3,81
95,Jameson Taillon,CHC,8,8,4.52,26,26,0,0,146,614,146,80,73,24,39,1,5,126
96,Brandon Pfaadt,ARI,8,9,4.33,26,26,0,0,142,592,138,74,68,24,35,1,6,136
97,Trevor Rogers,MIA,6,8,4.2,22,22,0,0,114.2,489,108,58,53,14,41,1,7,115
98,Logan Allen,CLE,8,8,4.12,25,25,0,0,138.2,586,130,69,64,19,50,1,4,131
99,Cristian Javier,HOU,10,7,4.31,28,28,0,0,157,657,133,82,75,26,62,1,7,166
100,Tanner Houck,BOS,8,8,4.28,35,22,1,1,126,541,121,65,60,15,46,2,8,119
101,Edward Cabrera,MIA,8,9,4.05,25,25,0,0,130.2,564,110,64,59,16,66,0,8,142
102,Ryan Pepiot,TBR,9,7,3.99,28,24,0,0,136,569,118,66,60,21,46,1,8,136
103,Kyle Bradish,BAL,7,5,3.71,18,18,0,0,102.1,426,92,46,42,12,32,0,5,100
104,Kyle Hendricks,CHC,8,8,4.58,25,25,0,0,139.2,594,149,77,71,21,34,1,6,99
105,Michael Wacha,KCR,8,7,4.44,24,24,0,0,133.1,564,133,71,66,20,40,0,5,112
106,Jordan Hicks,SFG,6,6,3.81,36,15,0,2,97.2,421,85,45,41,9,46,1,6,107
107,Martín Pérez,PIT,8,9,4.52,26,26,0,0,151,660,161,82,76,19,56,1,6,107
108,Edwin Díaz,NYM,3,2,2.73,60,0,33,1,61.2,247,44,20,19,6,21,1,4,96
109,Shane Baz,TBR,5,4,3.83,20,16,0,1,83.2,346,73,39,36,11,27,1,4,90
110,Jakob Junis,MIL,5,6,4.42,29,16,0,1,108.1,459,110,58,53,17,30,1,5,104
111,Louie Varland,MIN,7,7,4.14,35,18,0,0,122.1,513,119,61,56,17,35,2,4,119
112,Andrew Heaney,TEX,7,7,4.4,27,24,0,0,124.2,531,118,66,61,21,44,0,8,130
113,Dean Kremer,BAL,9,8,4.33,27,27,0,0,157,667,155,82,75,23,50,1,6,135
114,JP Sears,OAK,8,11,4.35,28,28,0,0,161.1,679,153,85,78,26,50,2,10,147
115,Jack Flaherty,DET,7,9,4.49,25,25,0,0,136.2,596,133,74,68,18,57,1,9,134
116,Zack Littell,TBR,7,6,4.4,30,21,0,0,128,538,130,68,63,20,32,2,5,105
117,Max Scherzer,TEX,5,3,3.89,13,12,0,0,71,290,62,33,31,12,19,0,3,80
118,Tyler Anderson,LAA,8,8,4.74,26,26,0,0,151.1,649,153,87,80,24,52,1,6,121
119,Luis Severino,NYM,6,7,4.59,23,23,0,0,119.2,510,116,66,61,19,41,1,6,112
120,Colin Rea,,7,8,4.63,30,23,0,0,130.1,552,128,73,67,22,40,1,5,112
121,Mike Clevinger,,7,8,4.66,22,21,0,0,114.2,488,113,65,59,18,37,0,6,97
122,Wade Miley,MIL,8,7,4.22,23,23,0,0,127.1,545,128,65,60,18,43,0,5,89
123,Paul Blackburn,OAK,6,8,4.51,24,24,0,0,132,572,138,72,66,17,46,1,5,110
124,Bryce Elder,ATL,8,6,4.43,24,23,0,0,130,562,131,70,64,16,48,1,6,101
125,Aaron Ashby,MIL,4,5,3.87,33,10,0,2,77.1,332,69,36,33,8,35,1,4,86
126,Chase Silseth,LAA,7,7,4.36,27,21,0,1,114.1,491,106,60,55,16,48,0,5,113
127,Nick Martinez,CIN,5,5,4.33,41,14,2,3,104.2,452,104,55,50,15,40,1,4,98
128,Jhoan Duran,MIN,4,3,2.82,61,0,33,2,64,261,50,22,20,5,22,3,3,85
129,Adrian Houser,NYM,7,7,4.49,30,21,0,1,121.1,526,124,66,60,15,46,1,4,91
130,Jordan Wicks,CHC,7,6,4.4,23,21,0,0,110,468,109,58,54,15,37,1,3,92
131,Pete Fairbanks,TBR,3,3,2.87,54,0,29,3,53.2,217,39,19,17,5,20,1,3,74
132,David Bednar,PIT,3,3,3.24,61,0,31,2,63.2,261,53,25,23,6,21,2,2,76
133,Paul Skenes,PIT,3,3,4.19,10,10,0,0,55,229,49,28,26,6,20,0,0,54
134,Cal Quantrill,COL,7,10,5.36,26,26,0,0,149.1,661,171,97,89,24,48,0,9,94
135,José Alvarado,PHI,3,3,3.09,63,0,23,8,63,264,49,24,22,5,30,2,2,86
136,Kyle Freeland,COL,7,11,5.41,28,28,0,0,159.2,706,190,104,96,28,48,1,7,104
137,John Means,BAL,6,6,4.18,24,19,0,0,109,448,103,55,51,18,25,1,4,86
138,Emmanuel Clase,CLE,4,4,2.94,65,0,35,1,66,266,58,23,22,5,15,2,2,65
139,Tanner Scott,MIA,4,3,3.19,66,0,26,5,66.2,279,52,26,24,5,29,2,4,88
140,Ryan Feltner,COL,5,8,5.42,20,20,0,0,101.2,451,107,66,61,16,45,0,5,85
141,Erick Fedde,CHW,7,10,4.92,26,26,0,0,141.1,608,144,84,77,23,49,2,5,115
142,Anthony DeSclafani,MIN,6,7,4.6,30,19,0,1,112.1,475,116,62,57,17,29,1,4,91
143,James Paxton,LAD,6,4,4.29,18,15,0,0,79.1,335,74,41,38,13,28,0,2,83
144,Tristan Beck,SFG,5,6,4.53,30,14,1,2,103.2,444,106,57,52,14,33,2,4,84
145,Devin Williams,MIL,5,3,2.83,62,0,33,2,62.1,256,43,21,20,5,29,1,2,89
146,Robert Gasser,MIL,5,4,4.48,22,15,0,1,86,370,83,47,43,12,32,0,5,83
147,Ross Stripling,OAK,5,7,4.36,30,21,0,1,124.2,521,127,66,60,20,29,1,4,99
148,Randy Vásquez,SDP,5,6,4.2,21,18,0,0,102.2,443,96,52,48,14,42,1,7,88
149,A.J. Minter,ATL,4,3,3.46,63,0,5,18,61.1,252,52,26,24,6,20,1,2,76
150,Domingo Germán,,5,5,4.41,17,15,0,0,86,359,80,46,42,14,26,1,4,81
151,Austin Gomber,COL,7,10,5.44,26,26,0,0,138.1,608,158,91,84,25,44,2,4,96
152,Garrett Whitlock,BOS,5,4,3.93,56,4,2,11,83.1,345,81,40,36,11,19,1,3,84
153,Emmet Sheehan,LAD,6,5,4.36,32,16,0,1,98.2,416,82,52,48,15,42,1,4,109
154,Clayton Kershaw,LAD,4,3,3.75,10,10,0,0,57,234,51,26,24,8,17,0,2,57
155,Matt Manning,DET,6,7,4.55,23,21,0,0,108.2,463,108,60,55,15,35,0,5,80
156,Max Meyer,MIA,4,5,4.41,16,15,0,0,77.1,331,75,41,38,10,29,1,3,71
157,Alek Manoah,TOR,7,8,4.54,23,21,0,0,119.1,516,110,65,60,17,50,1,10,108
158,David Peterson,NYM,4,4,4.08,26,12,0,1,73.2,318,69,36,33,9,32,1,4,80
159,Ryan Helsley,STL,4,3,3.13,57,0,26,4,60.2,249,45,23,21,6,26,1,2,79
160,Andrés Muñoz,SEA,4,4,2.95,57,0,26,4,57.2,236,44,21,19,5,21,2,3,77
161,Michael Soroka,CHW,5,7,4.62,24,20,0,0,109,465,106,61,56,16,36,1,7,94
162,Camilo Doval,SFG,4,4,3.29,62,0,31,2,63.1,266,52,25,23,5,27,3,4,77
163,Bailey Falter,PIT,5,7,4.68,38,15,0,0,102.2,437,108,58,53,17,28,1,3,80
164,Javier Assad,CHC,5,5,4.29,38,14,0,3,102.1,443,102,53,49,13,39,1,4,86
165,Jake Irvin,WSN,5,7,4.87,23,23,0,0,121.2,529,122,71,66,19,47,1,7,97
166,Matt Brash,SEA,4,3,3.29,58,0,11,15,59.2,251,48,24,22,5,27,1,3,82
167,Josiah Gray,WSN,8,11,4.91,28,28,0,0,159.2,697,153,95,87,29,72,2,8,147
168,Zack Greinke,,4,6,4.68,18,18,0,0,98.2,418,108,56,51,16,21,0,3,67
169,Jacob deGrom,TEX,2,1,2.99,5,5,0,0,25.2,99,19,9,9,3,5,0,1,35
170,Casey Mize,DET,5,6,4.49,18,18,0,0,98,416,98,53,49,14,29,1,5,76
171,Bryan Abreu,HOU,3,2,3.03,61,0,3,17,64,265,48,23,22,6,28,1,4,86
172,Trevor Megill,MIL,3,2,3.91,53,0,2,9,57,239,51,27,25,7,22,1,2,73
173,Jhony Brito,SDP,6,6,4.16,38,13,0,1,95.1,403,93,48,44,13,29,1,4,77
174,Mason Miller,OAK,3,3,3.4,51,2,12,8,61.2,254,46,25,23,6,26,1,3,79
175,Matt Strahm,PHI,5,4,3.65,59,1,1,9,65.1,268,56,29,27,9,19,2,3,77
176,Josh Hader,HOU,3,3,3.08,60,0,34,2,59,243,42,22,20,7,26,1,3,85
177,Alex Wood,OAK,6,8,4.49,25,20,0,0,115.2,498,115,63,58,15,39,1,9,95
178,Michael Lorenzen,,6,7,4.64,22,19,0,0,108.2,466,108,61,56,16,39,0,4,86
179,Aroldis Chapman,PIT,4,4,3.33,58,0,4,14,58,246,41,23,21,5,35,1,2,87
180,Yuki Matsui,SDP,3,2,3.54,60,0,12,11,60.2,254,49,26,24,6,26,0,2,77
181,A.J. Puk,MIA,5,4,3.71,59,1,6,12,62.2,261,56,28,26,8,20,2,4,75
182,Reynaldo López,ATL,5,4,3.71,58,2,3,13,69.2,289,61,31,29,9,25,1,2,80
183,Patrick Corbin,WSN,8,13,5.2,28,28,0,0,158.1,697,180,100,92,28,52,1,5,115
184,Daniel Lynch IV,KCR,5,6,4.89,23,16,0,0,90,391,95,53,49,14,32,1,3,72
185,Marco Gonzales,PIT,7,9,4.82,26,21,0,0,129.1,559,140,75,69,19,40,1,4,83
186,Quinn Priester,PIT,4,5,4.8,22,13,0,0,78,341,79,45,42,10,32,1,4,63
187,Raisel Iglesias,ATL,4,4,3.33,59,0,31,2,60.1,245,52,24,22,8,16,1,2,72
188,Jeffrey Springs,TBR,3,2,3.54,13,6,0,0,39,158,33,17,15,5,11,0,1,44
189,Clay Holmes,NYY,4,3,3.32,61,0,29,4,63,264,54,25,23,5,23,1,4,66
190,Drew Thorpe,SDP,4,3,4.05,11,10,0,0,56,235,52,27,25,8,19,1,2,52
191,Chris Martin,BOS,4,3,3.42,59,0,3,16,58,238,57,24,22,6,11,2,2,57
192,Ryan Pressly,HOU,4,3,3.39,60,0,5,16,61.2,250,53,25,23,7,17,1,2,68
193,Luis Medina,OAK,5,9,4.72,23,23,0,0,122.1,541,115,70,64,15,64,2,7,114
194,Caleb Ferguson,NYY,4,3,3.49,57,1,1,13,55.1,235,48,23,21,5,22,1,4,63
195,Drew Rasmussen,TBR,3,2,3.34,20,5,0,1,41.2,169,36,17,15,4,11,0,1,41
196,Dakota Hudson,COL,6,8,5.34,25,21,0,0,117.1,532,135,76,70,15,49,1,7,66
197,JoJo Romero,STL,4,3,3.68,50,0,3,9,53.2,223,47,24,22,5,19,1,2,59
198,Joe Kelly,LAD,3,3,3.73,54,0,2,14,53.2,226,44,24,22,5,24,1,3,70
199,Hunter Harvey,WSN,3,3,3.55,58,0,13,13,60,245,52,26,24,7,17,1,2,67
200,Jordan Romano,TOR,4,4,3.4,57,0,31,1,59,244,49,24,22,7,21,2,3,69
201,Shawn Armstrong,TBR,2,2,3.63,56,1,1,10,62.1,258,57,27,25,7,18,1,3,65
202,Aaron Bummer,ATL,4,3,3.79,58,0,1,14,57.2,247,49,26,24,4,27,2,3,69
203,Evan Phillips,LAD,4,3,3.21,60,0,28,4,61.2,251,50,24,22,7,19,2,3,69
204,Sawyer Gipson-Long,DET,4,4,4.26,27,9,0,1,64,269,62,33,30,9,19,1,2,63
205,Brusdar Graterol,LAD,3,2,3.26,60,0,5,16,61,252,57,24,22,5,15,2,3,50
206,Ricky Tiedemann,TOR,2,4,4.02,13,8,0,0,47.1,202,41,23,21,6,21,0,2,53
207,Jason Adam,TBR,3,3,3.3,56,0,11,15,56.2,231,43,23,21,7,19,1,5,68
208,Joe Ross,MIL,4,6,4.47,25,12,0,1,79,336,76,43,39,12,27,1,4,71
209,Taylor Rogers,SFG,4,4,3.84,57,0,3,15,56.1,237,49,26,24,6,21,2,4,68
210,Ryan Walker,SFG,4,3,3.68,51,2,0,6,55.2,236,51,25,23,6,21,1,2,64
211,Adbert Alzolay,CHC,3,3,3.57,57,0,27,2,63.2,263,57,28,25,8,18,1,4,69
212,Kevin Ginkel,ARI,4,3,3.58,61,0,5,14,62.2,262,54,27,25,6,24,1,3,69
213,Abner Uribe,MIL,3,2,3.46,58,0,1,14,57.2,248,43,24,22,4,35,0,2,75
214,Alex Vesia,LAD,3,3,3.73,57,0,1,13,55,229,45,25,23,7,22,2,2,70
215,Will Vest,DET,2,2,3.8,58,1,2,12,60,253,56,28,25,6,21,1,2,63
216,J.P. France,HOU,8,6,4.42,39,16,0,0,119.2,514,116,64,59,18,47,2,4,104
217,Ian Hamilton,NYY,3,3,3.58,52,0,1,9,60.1,255,51,26,24,5,27,1,3,68
218,Orion Kerkering,PHI,3,2,3.74,52,0,3,8,52.1,218,47,24,22,6,18,0,2,60
219,Alexis Díaz,CIN,5,4,3.84,64,0,31,2,65.1,279,51,30,28,8,32,1,5,81
220,Joel Payamps,MIL,4,4,3.72,61,0,3,17,65,272,61,29,27,8,19,1,3,64
221,Andrew Nardi,MIA,5,3,3.68,64,0,4,16,64.1,271,55,29,26,8,27,1,3,79
222,Ryne Nelson,ARI,6,6,4.8,27,19,0,1,111.2,479,115,65,60,18,36,1,3,83
223,José Urquidy,HOU,6,5,4.62,36,14,0,1,107.1,452,106,60,55,19,30,0,4,86
224,Caleb Thielbar,MIN,3,2,3.7,53,0,1,15,52.2,217,46,24,22,7,17,1,1,63
225,Pierce Johnson,ATL,3,4,3.82,58,0,2,13,56.1,238,49,26,24,7,24,1,2,75
226,Tylor Megill,NYM,6,6,4.63,33,14,0,1,95.2,414,97,53,49,14,36,1,4,85
227,Robbie Ray,SFG,3,3,4.09,12,8,0,0,49,204,44,24,22,8,17,0,1,54
228,Josh Sborz,TEX,4,4,4.21,56,0,2,14,59.1,250,53,30,28,8,23,1,2,72
229,Cody Bradford,TEX,5,4,4.7,31,9,0,0,68,286,70,39,36,11,16,1,2,59
230,Peter Lambert,COL,4,7,5.39,28,16,0,0,101.1,448,112,66,61,18,37,1,5,79
231,Matt Waldron,SDP,4,5,4.75,16,14,0,0,81.2,350,84,47,43,14,26,1,3,63
232,Tim Mayza,TOR,4,2,3.28,61,0,0,17,55.2,231,51,22,20,5,17,2,2,55
233,Gregory Santos,SEA,2,2,3.77,58,0,3,11,60.1,255,57,27,25,5,20,1,3,61
234,Sam Hentges,CLE,3,2,3.65,57,0,1,13,60.2,257,56,27,25,6,23,1,2,65
235,Jeff Hoffman,PHI,4,3,3.94,58,0,4,11,63,266,52,30,28,8,28,1,3,75
236,Robert Stephenson,LAA,3,3,3.81,58,0,13,12,57.2,234,47,27,24,9,18,1,2,72
237,Mason Black,SFG,3,3,4.19,30,6,0,1,58.1,249,55,30,27,7,22,0,3,57
238,Brandon Williamson,CIN,3,4,4.97,21,13,0,1,71.1,312,72,43,39,12,30,0,3,62
239,Tyler Wells,BAL,5,4,4.27,38,11,0,3,88,363,79,45,42,15,26,0,3,82
240,Brock Stewart,MIN,3,2,3.54,55,0,1,13,55.2,234,47,24,22,6,23,3,3,70
241,Huascar Ynoa,ATL,3,4,4.51,27,7,0,1,56,239,53,31,28,8,21,1,2,58
242,Jordan Lyles,KCR,7,10,5.41,31,22,0,0,136.2,591,149,89,82,26,40,0,6,97
243,Colin Holderman,PIT,2,3,4.02,58,0,2,16,60,257,56,29,27,5,24,2,3,59
244,Jared Jones,PIT,3,4,4.86,11,11,0,0,59.2,262,59,35,32,8,25,1,3,54
245,Garrett Crochet,CHW,4,5,3.91,52,5,0,6,70.2,306,61,33,31,8,36,1,3,79
246,John Schreiber,KCR,3,3,3.73,58,0,3,14,60.2,259,54,27,25,6,23,1,3,64
247,Julian Merryweather,CHC,3,3,3.85,60,0,3,15,62.2,265,54,29,27,8,26,1,3,77
248,Jason Foley,DET,2,2,3.75,60,0,7,14,61,259,63,28,25,5,17,1,3,50
249,Griffin Jax,MIN,4,4,3.98,54,1,2,16,61.1,255,56,29,27,7,19,1,3,63
250,Erik Swanson,TOR,4,3,3.56,59,1,5,15,61,250,52,26,24,9,18,1,2,68
251,Kenley Jansen,BOS,3,4,3.99,59,0,30,1,58.1,245,50,28,26,8,23,1,3,70
252,Roansy Contreras,PIT,3,5,4.54,40,8,0,3,77.1,330,74,42,39,11,29,1,3,71
253,Pedro Avila,SDP,3,5,4.44,22,13,0,1,76,334,73,41,37,10,34,1,6,68
254,Matthew Liberatore,STL,3,4,4.54,29,7,0,3,57.2,250,57,32,29,7,23,1,3,50
255,Trevor Bauer,,2,3,3.91,8,8,0,0,45.1,187,38,21,20,8,15,0,2,49
256,Gregory Soto,PHI,3,4,3.94,64,0,4,16,63,269,54,30,28,7,29,1,3,70
257,Yimi García,TOR,3,3,3.84,59,0,4,15,58,239,52,27,25,8,16,2,3,62
258,Spencer Turnbull,PHI,3,4,4.93,24,9,0,1,58.2,259,62,35,32,8,24,0,4,49
259,Fernando Cruz,CIN,2,2,4.22,43,0,0,6,45.2,193,39,23,21,6,20,1,2,60
260,Hoby Milner,MIL,2,2,3.72,60,0,0,13,58.2,244,56,26,24,7,15,1,3,56
261,Héctor Neris,CHC,4,4,3.78,64,0,6,16,64.2,271,54,29,27,8,26,1,4,73
262,Yariel Rodriguez,TOR,3,3,4.36,42,6,0,1,71,309,65,37,34,9,33,1,4,72
263,David Robertson,TEX,3,4,3.86,57,0,9,11,59.2,253,51,28,26,8,26,1,3,68
264,Yennier Cano,BAL,3,3,3.69,62,0,12,14,64.2,274,61,29,27,6,21,1,3,62
265,Giovanny Gallegos,STL,3,4,3.92,59,0,5,16,60.1,248,54,29,26,9,17,1,2,66
266,Joe Jiménez,ATL,3,2,3.86,61,0,1,13,60,249,53,28,26,9,19,1,3,75
267,Chad Green,TOR,4,3,3.87,48,0,1,10,50.1,207,44,24,22,7,15,2,1,58
268,Scott Barlow,CLE,4,4,3.73,63,0,3,13,66.1,279,57,30,27,7,26,2,3,74
269,Kevin Kelly,TBR,2,2,3.81,44,0,1,6,47.2,200,45,22,20,4,13,1,4,43
270,Dauri Moreta,PIT,4,3,4.06,52,0,1,6,55,230,47,27,25,7,21,1,3,64
271,Gabe Speier,SEA,2,2,3.67,58,0,1,14,54.1,224,49,24,22,6,15,2,2,59
272,Zack Thompson,STL,3,4,4.26,29,6,0,1,57.1,248,54,30,27,7,25,1,2,56
273,Lance McCullers Jr.,HOU,3,2,3.8,12,6,0,0,38.2,165,34,18,16,4,17,0,2,39
274,Joe Boyle,OAK,6,6,4.44,25,16,0,1,91,403,75,49,45,11,59,1,4,99
275,Noah Syndergaard,,4,6,5.22,15,15,0,0,82,354,91,52,48,14,20,0,5,55
276,Craig Kimbrel,BAL,4,4,3.73,63,0,23,5,63.2,265,51,29,26,8,26,1,4,79
277,Tyler Mahle,TEX,2,2,4.22,13,7,0,0,43.1,181,39,22,20,7,15,0,2,45
278,Dylan Floro,WSN,3,4,4.25,54,0,2,9,53.1,229,55,27,25,5,17,2,2,48
279,Luke Jackson,SFG,3,3,3.9,56,0,1,11,57,243,52,27,25,6,24,2,2,62
280,Paul Sewald,ARI,4,3,3.71,62,0,30,2,62,256,51,28,26,9,23,2,3,75
281,Colin Poche,TBR,5,3,3.8,60,0,3,17,58.1,242,49,27,25,8,22,1,2,62
282,Josh Winckowski,BOS,4,4,4.17,54,2,1,13,67.1,290,69,34,31,8,23,2,3,60
283,Cole Irvin,BAL,3,5,4.36,34,8,0,1,74.2,314,77,39,36,11,17,1,4,58
284,Brooks Raley,NYM,2,2,3.82,61,0,3,18,57,242,50,26,24,7,23,1,4,62
285,Andrew Kittredge,STL,4,3,3.77,49,0,3,9,51.1,212,50,23,21,6,12,1,2,43
286,Kai-Wei Teng,SFG,3,3,4.49,30,5,0,1,57.1,252,53,31,29,6,28,1,5,59
287,Luis L. Ortiz,PIT,5,7,4.85,24,18,0,1,101.1,450,106,59,55,14,46,1,4,75
288,Sixto Sánchez,MIA,2,2,3.77,32,0,0,2,39.2,166,38,18,17,4,12,1,2,39
289,Jackson Rutledge,WSN,4,5,5.28,19,14,0,1,78,345,82,50,46,13,31,1,5,58
290,Jake Bird,COL,3,3,4.6,59,0,1,12,65,286,68,36,33,7,24,2,4,57
291,Joey Lucchesi,NYM,3,3,4.29,19,7,0,1,48.1,208,48,25,23,6,18,0,2,39
292,Tyler Rogers,SFG,3,4,3.95,64,0,2,18,67.1,286,69,32,30,7,18,1,3,50
293,Ryan Yarbrough,LAD,4,4,4.57,33,5,0,1,64,271,67,35,33,10,14,0,5,51
294,Trevor Stephan,CLE,4,4,3.95,60,0,2,18,64,270,57,30,28,8,24,1,4,71
295,Seranthony Domínguez,PHI,5,4,3.98,60,0,6,14,58.2,251,53,28,26,7,25,1,3,62
296,Andrew Chafin,DET,3,3,3.94,59,0,3,13,56,238,50,27,25,6,24,0,2,62
297,Angel Zerpa,KCR,2,3,4.37,25,5,0,1,45.2,195,47,24,22,6,14,0,2,38
298,Drew Smyly,CHC,5,5,4.41,44,5,0,5,70.1,300,69,38,35,12,24,1,3,70
299,Brandon Walter,BOS,1,2,4.77,10,6,0,0,39,170,43,22,21,5,13,0,2,30
300,Rich Hill,,4,5,4.9,13,12,0,0,64.1,280,66,38,35,10,24,0,3,54
301,Danny Coulombe,BAL,4,3,3.74,56,0,2,15,54.1,228,51,25,23,7,18,1,2,58
302,Sam Moll,CIN,2,2,4.02,55,0,1,10,53,230,47,26,24,6,25,4,4,58
303,Connor Phillips,CIN,2,2,4.69,17,5,0,0,35.1,154,32,20,18,5,19,0,2,40
304,Tommy Henry,ARI,4,4,4.79,24,12,0,1,78,341,79,45,41,11,33,2,3,61
305,José Leclerc,TEX,2,3,3.93,59,0,20,7,60,256,50,28,26,8,28,1,3,68
306,José Suarez,LAA,3,4,4.65,32,7,0,1,61.2,266,61,35,32,10,24,1,3,56
307,Cade Cavalli,WSN,3,3,4.49,19,7,0,1,49,216,46,27,24,6,22,0,6,48
308,Ben Brown,CHC,2,2,4.11,21,3,0,1,36.2,157,32,18,17,4,16,1,2,40
309,Tyler Holton,DET,3,2,3.58,51,0,1,10,56.2,234,52,25,23,7,15,1,2,51
310,Keegan Akin,BAL,2,2,4.12,34,1,0,4,41,172,39,20,19,5,13,2,1,42
311,Slade Cecconi,ARI,2,3,4.53,25,6,0,1,51,215,52,28,26,8,13,0,3,43
312,Emilio Pagán,CIN,4,4,4.4,62,0,3,12,63.1,266,58,34,31,11,23,1,2,68
313,Tom Cosgrove,SDP,2,2,3.76,54,0,1,9,54.2,231,47,25,23,6,22,2,3,54
314,Brock Burke,TEX,4,3,3.88,54,0,0,11,61.1,255,58,29,26,9,17,2,2,61
315,Justin Lawrence,COL,3,4,4.57,62,0,15,10,63.2,283,62,35,32,7,33,2,4,66
316,Hayden Wesneski,CHC,3,4,4.35,29,7,0,2,64,271,60,34,31,10,22,0,3,60
317,James McArthur,KCR,3,3,4.17,57,0,12,9,62.1,266,61,31,29,7,21,1,4,60
318,Robert Garcia,WSN,3,3,4.25,49,0,0,9,54,233,49,28,25,7,25,2,2,57
319,Collin McHugh,,3,1,3.87,42,1,0,11,53.1,225,52,25,23,6,16,1,3,49
320,Trevor Williams,WSN,5,7,5.15,33,19,0,1,113.2,500,127,71,65,21,38,1,5,87
321,Ryan Brasier,LAD,3,2,4.1,56,0,1,14,56.1,235,52,28,26,8,17,1,2,56
322,Chris Stratton,KCR,3,3,4.35,60,0,1,10,65.2,282,65,35,32,8,24,1,2,63
323,Jake Odorizzi,,3,4,4.87,10,10,0,0,52.2,226,54,31,28,9,18,1,2,42
324,Kody Funderburk,MIN,3,1,3.61,37,0,0,3,40.2,173,36,18,16,4,17,1,2,45
325,Ryan Borucki,PIT,3,1,4.06,50,1,0,10,51.2,217,47,25,23,6,17,1,3,46
326,Justin Topa,MIN,3,3,3.93,55,0,1,14,53.1,227,53,25,23,5,16,4,2,46
327,Miguel Díaz,DET,3,2,4.16,47,1,0,7,52.2,229,51,26,24,6,23,1,2,52
328,Steven Okert,MIN,2,2,4.06,50,0,0,11,49.1,208,41,24,22,7,21,1,3,60
329,José Soriano,LAA,3,4,3.98,56,0,1,15,59.2,261,51,29,26,6,32,2,5,71
330,Jesse Chavez,CHW,2,2,3.96,47,1,1,10,50,213,48,24,22,7,18,0,2,51
331,Phil Maton,TBR,3,2,3.86,59,0,0,10,59.2,252,52,28,26,7,22,1,5,66
332,Kyle Finnegan,WSN,4,4,4.06,65,0,19,9,66.2,283,63,33,30,9,25,2,2,66
333,Jonathan Loáisiga,NYY,3,3,3.74,47,0,3,12,50.2,211,48,23,21,5,14,1,3,41
334,Joan Adon,WSN,3,6,5.17,37,8,0,1,70.2,314,73,44,41,10,32,2,4,61
335,Trevor Richards,TOR,2,2,4.26,45,1,0,8,51,215,43,26,24,8,23,1,2,64
336,Luis García,LAA,3,3,4.05,58,0,1,11,59,254,57,29,27,6,22,1,4,56
337,Joe Mantiply,ARI,3,3,4,52,0,0,7,53,223,53,26,24,6,14,1,2,45
338,Kyle Hurt,LAD,2,1,4.03,21,2,0,1,31,132,26,15,14,4,14,0,1,38
339,Brennan Bernardino,BOS,2,2,4,52,1,0,6,51,221,50,25,23,6,20,4,3,53
340,Chris Devenski,TBR,4,3,4.58,46,1,0,9,51,214,49,28,26,8,14,1,2,49
341,Carlos Estévez,LAA,3,4,4.29,62,0,18,7,63,272,58,33,30,9,27,2,3,67
342,Luis Garcia,HOU,2,1,4.13,4,4,0,0,22.1,93,20,11,10,3,7,0,1,22
343,Tyler Kinley,COL,2,3,4.84,59,0,9,11,58.2,254,59,34,32,9,23,1,3,59
344,Garrett Cleavinger,TBR,2,2,3.57,44,0,0,5,44.2,188,35,19,18,5,21,1,3,57
345,AJ Smith-Shawver,ATL,3,3,4.62,24,7,0,1,54.1,235,50,30,28,9,25,0,2,56
346,Carlos Carrasco,CLE,3,4,4.88,23,10,0,0,63,274,67,37,34,10,22,0,3,53
347,Ken Waldichuk,OAK,3,4,4.52,21,10,0,0,63.2,277,60,35,32,9,28,0,4,62
348,Jalen Beeks,COL,2,3,4.61,43,2,1,6,49.2,218,52,28,25,7,20,1,2,47
349,Hurston Waldrep,ATL,1,1,4.33,17,4,0,1,34.1,149,32,18,16,4,16,0,1,36
350,Enyel De Los Santos,SDP,4,3,3.93,61,0,0,13,61.1,259,54,29,27,7,24,2,3,64
351,Brent Suter,CIN,3,3,4.35,54,0,0,7,59.2,258,60,31,29,8,21,1,2,50
352,Robert Suarez,SDP,4,4,3.78,59,0,18,10,60.1,251,50,28,25,8,23,3,2,63
353,Andrew Saalfrank,ARI,3,2,3.63,52,0,0,14,51.1,223,45,23,21,4,27,5,2,52
354,Woo-Suk Go,SDP,3,3,4.07,57,0,4,12,59,255,53,29,27,7,29,0,3,66
355,Nick Anderson,KCR,3,3,4.3,49,0,2,14,50,211,49,26,24,7,15,1,2,46
356,Dustin May,LAD,2,1,3.55,15,2,0,1,22.2,93,19,10,9,2,8,0,1,22
357,Trevor Gott,OAK,2,4,4.29,58,0,3,12,57.2,246,55,30,27,7,20,2,3,56
358,Will Warren,NYY,2,2,4.37,17,5,0,1,38.2,167,38,20,19,5,15,0,2,34
359,Nick Robertson,STL,2,1,4.06,34,0,0,2,36,152,33,18,16,4,12,2,1,37
360,Cionel Pérez,BAL,3,3,3.77,57,0,1,13,54.1,235,51,25,23,4,25,2,2,50
361,Scott Alexander,OAK,4,3,3.95,48,1,1,9,46.1,196,47,22,20,4,13,2,2,34
362,Sean Hjelle,SFG,3,3,4.85,30,2,0,2,50.2,225,56,30,27,5,19,1,4,41
363,Alex Faedo,DET,2,3,4.34,33,2,0,2,46.2,195,44,24,22,7,15,1,1,45
364,Michael Grove,LAD,2,2,4.59,27,3,0,2,42.1,180,42,24,22,7,13,1,1,45
365,Mark Leiter Jr.,CHC,2,3,4.04,56,0,2,14,60.2,257,54,30,27,8,22,1,5,68
366,Daniel Hudson,LAD,3,3,3.62,34,0,4,5,33.2,140,29,15,14,4,12,0,1,41
367,Chris Flexen,CHW,4,7,5.14,25,16,0,1,99,434,107,62,57,17,36,1,3,72
368,Joey Cantillo,CLE,2,2,4.36,7,7,0,0,34.2,150,32,18,17,5,16,0,2,33
369,Tommy Kahnle,NYY,2,3,3.69,51,0,2,14,51.2,216,43,23,21,7,21,0,3,58
370,Osvaldo Bido,,2,4,4.94,22,6,0,1,47.1,208,47,28,26,6,20,1,4,42
371,James Karinchak,CLE,3,3,3.85,48,0,2,11,47.2,203,36,22,20,6,27,1,2,63
372,Rafael Montero,HOU,3,3,4.21,55,0,1,12,57,244,53,29,27,7,22,1,3,61
373,Ethan Small,SFG,2,2,4.32,38,1,0,5,43.1,189,41,23,21,5,21,1,1,44
374,John Brebbia,CHW,3,3,4.22,56,2,16,9,55.1,233,52,28,26,8,19,2,2,58
375,John King,STL,3,3,3.95,44,0,1,11,49.2,216,55,24,22,4,15,1,2,32
376,Bennett Sousa,HOU,3,2,4.29,48,0,0,6,50,213,46,26,24,6,20,1,2,51
377,Zach Jackson,OAK,2,3,3.95,42,0,1,9,42.1,184,35,20,18,4,24,1,2,51
378,JT Brubaker,PIT,1,2,4.31,18,3,0,0,27.2,118,27,14,13,4,9,0,2,27
379,Victor González,NYY,3,3,3.95,46,0,0,8,46.1,197,42,22,20,5,18,1,3,44
380,Blake Treinen,LAD,3,2,3.97,45,0,1,8,45.1,191,42,22,20,6,16,1,2,46
381,Scott McGough,ARI,2,4,4.2,52,0,3,10,54.2,232,49,28,26,8,22,1,2,62
382,Bryan Hudson,MIL,2,1,3.99,28,0,0,1,31,134,28,15,14,3,14,0,2,34
383,Jake Latz,TEX,1,2,4.17,32,0,0,2,37,159,34,19,17,5,16,0,1,40
384,Lucas Erceg,OAK,3,4,4.16,62,0,4,13,66,292,57,33,31,5,39,1,5,77
385,Emerson Hancock,SEA,4,4,4.63,28,11,0,1,69.2,298,69,39,36,10,24,1,3,55
386,Anthony Bender,MIA,2,3,3.89,49,0,3,9,48,203,43,23,21,6,18,1,3,49
387,Zach Davies,,2,3,5.28,15,10,0,0,53.2,238,58,34,31,8,23,0,2,41
388,Luis Gil,,1,2,4.19,17,4,0,0,31,132,26,16,14,4,15,0,1,36
389,Dylan Lee,ATL,2,1,3.8,38,0,0,7,38.1,159,36,18,16,5,11,1,1,40
390,Elvis Peguero,MIL,3,3,4.16,47,0,1,11,49.2,213,47,25,23,5,19,1,3,45
391,Eli Morgan,CLE,3,3,4.12,50,1,0,9,58.1,243,54,29,27,9,18,1,2,61
392,Kenny Rosenberg,LAA,2,3,4.54,15,6,0,1,43.1,190,44,24,22,6,19,1,2,39
393,Cade Horton,CHC,1,1,4.62,5,4,0,0,24.2,105,24,14,13,4,9,0,1,23
394,Michael Kopech,CHW,6,9,5.03,26,25,0,0,126,556,113,77,70,22,70,1,7,124
395,Vince Velasquez,PIT,2,3,4.86,8,6,0,0,32.2,141,32,19,18,6,13,0,1,31
396,Will Smith,KCR,2,4,4.46,61,0,14,10,60.1,256,56,32,30,9,23,2,2,60
397,Shelby Miller,DET,3,2,4.07,47,1,3,7,51,218,44,25,23,6,24,2,2,53
398,John McMillon,KCR,3,3,4.48,51,0,2,8,53.1,235,45,29,26,6,33,0,2,65
399,Ian Gibaut,CIN,3,3,4.41,55,0,1,12,56.2,246,56,30,28,8,24,1,3,57
400,Ryan Thompson,ARI,4,2,4.02,52,0,1,11,54,230,52,26,24,6,18,1,3,46
401,Adam Ottavino,NYM,3,4,3.96,61,0,4,15,60,258,53,29,26,7,26,2,5,62
402,Simeon Woods Richardson,MIN,2,2,4.75,14,4,0,1,35,152,35,20,18,5,15,0,1,29
403,Gavin Stone,LAD,3,2,4.91,22,4,0,1,44,190,44,26,24,7,16,0,2,42
404,Luke Weaver,NYY,2,3,4.95,30,5,0,2,52.1,225,55,31,29,9,17,1,2,48
405,Bryan Baker,BAL,3,2,4,40,0,0,5,40.2,175,36,20,18,4,19,1,2,44
406,Kyle Nelson,ARI,3,2,4.12,47,0,0,8,43.2,186,41,22,20,6,17,1,2,46
407,Isaiah Campbell,BOS,4,2,4.23,34,0,0,4,36,155,36,18,17,4,14,1,1,36
408,Chris Murphy,BOS,2,3,4.91,25,4,0,1,54.2,241,56,32,30,7,23,1,2,50
409,Alex Lange,DET,4,4,3.95,62,0,21,6,63.1,276,52,30,28,6,36,1,4,74
410,Clayton Beeter,NYY,3,3,4.57,23,6,0,1,47.1,206,43,26,24,7,23,1,2,49
411,Yunior Marte,PHI,1,2,4.56,39,0,0,3,41,179,40,23,21,5,17,1,2,39
412,Ryne Stanek,,3,2,3.98,52,0,0,7,52.1,223,44,25,23,7,25,1,2,57
413,Nick Nastrini,CHW,3,4,5.02,14,11,0,0,58.2,257,56,36,33,10,28,0,3,56
414,Daniel Palencia,CHC,3,2,4.41,41,0,0,4,44.2,193,40,24,22,6,22,0,3,49
415,Drew Rom,STL,2,3,4.79,26,3,0,1,37,163,39,21,20,5,15,0,1,35
416,Michael Fulmer,,2,3,4.02,33,0,1,8,35.1,151,32,17,16,4,14,1,2,36
417,Nick Nelson,PHI,2,1,4.78,17,2,0,1,28.1,126,29,16,15,3,13,0,2,23
418,Lucas Sims,CIN,4,3,4.57,56,0,2,17,54.2,239,45,30,28,8,30,1,5,65
419,Zach Plesac,LAA,4,5,5.07,25,12,0,1,76.1,333,84,47,43,14,25,0,3,53
420,Luke Little,CHC,2,1,3.67,35,0,0,3,36.1,159,30,16,15,4,21,0,3,47
421,Johnny Cueto,,3,4,4.94,10,10,0,0,57,246,63,34,31,11,15,0,3,39
422,Josh Fleming,PIT,2,3,4.63,24,3,0,1,47,209,57,26,24,5,14,1,1,26
423,José Buttó,NYM,2,3,4.6,22,4,0,1,39.2,172,39,22,20,6,16,1,2,36
424,Nick Ramirez,NYY,2,1,4.03,34,0,0,2,39,165,40,19,17,4,11,1,1,30
425,Tejay Antone,CIN,2,2,4.46,37,0,1,6,38.2,168,38,21,19,5,16,1,2,40
426,Andre Pallante,STL,3,2,4.02,51,0,0,10,58.2,258,62,29,26,5,24,1,2,43
427,Julio Urías,,1,1,4,2,2,0,0,12.2,52,12,6,6,2,3,0,1,12
428,Richard Bleier,WSN,1,1,4.43,34,0,0,3,35.1,152,40,19,17,4,8,1,2,22
429,Phil Bickford,NYM,3,3,4.45,47,0,0,4,49.1,210,44,26,24,7,21,2,2,53
430,Tanner Banks,CHW,3,3,4.23,47,1,1,5,57.1,242,58,29,27,9,16,1,2,52
431,Grant Anderson,TEX,3,2,4.51,39,0,0,6,45.2,196,44,25,23,7,17,1,2,45
432,Germán Márquez,COL,1,1,4.86,3,3,0,0,17.1,74,18,10,9,3,6,0,0,15
433,Joely Rodríguez,BOS,1,2,4.36,37,0,0,3,37.1,163,37,20,18,4,16,1,1,37
434,Tyler Alexander,TBR,3,3,4.51,32,4,0,3,54.1,228,55,30,27,9,12,1,2,46
435,Carlos F. Rodriguez,MIL,1,2,4.76,4,4,0,0,24,103,22,14,13,4,10,0,1,22
436,Carmen Mlodzinski,PIT,3,4,4.01,47,0,1,13,50.1,218,48,24,22,6,22,1,2,48
437,Jacob Lopez,TBR,1,1,3.89,18,1,0,1,22.2,95,20,11,10,3,8,0,2,23
438,Eric Lauer,,3,4,4.81,10,10,0,0,54.1,235,54,32,29,10,22,0,2,48
439,Josh Taylor,KCR,1,2,4.71,28,0,0,2,27.2,120,27,16,14,4,12,1,1,31
440,Aaron Loup,,2,3,4.24,45,0,0,7,44.1,192,45,23,21,5,16,2,3,40
441,Scott Effross,NYY,2,2,4.05,35,0,2,5,36.1,154,35,18,16,5,11,1,2,34
442,Allan Winans,,1,1,4.28,17,1,0,1,23,98,23,12,11,3,6,1,1,21
443,JT Chargois,MIA,2,1,4.1,54,1,1,8,53.1,229,50,26,24,6,21,1,3,48
444,Buck Farmer,CIN,3,3,4.75,56,0,0,8,57.2,250,54,33,30,9,26,1,3,58
445,Cooper Criswell,BOS,2,2,4.94,23,3,0,1,43.2,191,49,26,24,6,12,1,3,34
446,Mitch White,TOR,2,2,4.58,29,2,0,2,41.2,181,42,23,21,6,16,0,1,38
447,Peter Strzelecki,ARI,1,2,4.25,27,0,0,5,27.1,117,25,14,13,3,10,1,2,29
448,Yency Almonte,CHC,2,2,4.32,45,0,0,8,46.1,199,41,24,22,6,21,1,3,47
449,Huascar Brazoban,MIA,3,2,4.15,48,0,0,9,51.2,226,47,26,24,6,27,1,3,57
450,Beau Brieske,DET,2,3,4.23,40,2,0,6,49.2,210,48,25,23,7,16,0,2,43
451,Julio Teheran,BAL,2,3,4.9,8,8,0,0,43.1,186,45,26,24,8,12,0,2,31
452,Lucas Gilbreath,COL,2,2,4.77,41,0,0,6,39.2,178,39,23,21,5,22,1,2,42
453,Thyago Vieira,MIL,2,2,4.12,25,0,0,1,28,120,25,14,13,3,12,0,1,31
454,Jonathan Hernández,TEX,2,2,4.39,48,0,1,10,50.2,223,49,27,25,6,25,2,3,50
455,J.P. Feyereisen,LAD,3,2,3.56,41,0,1,10,41,169,34,18,16,5,17,0,1,40
456,Ty Madden,DET,2,2,4.57,17,4,0,1,34.1,147,33,19,17,5,13,0,1,31
457,Anthony Molina,COL,1,1,4.93,21,1,0,1,26.1,116,31,16,14,4,7,0,1,20
458,Ray Kerr,ATL,3,3,4.16,44,0,0,4,45.1,196,41,23,21,6,21,1,2,51
459,Matt Moore,LAA,3,2,4.05,51,0,1,15,57,243,51,28,26,8,24,2,2,61
460,Mike Vasil,NYM,1,1,4.55,4,4,0,0,17.1,74,17,10,9,3,6,0,1,16
461,Keynan Middleton,STL,2,2,4,45,0,1,7,45.1,191,40,22,20,6,19,0,2,50
462,Jose Hernandez,PIT,2,2,4.45,38,0,0,4,39,169,37,21,19,6,17,1,1,43
463,Nate Pearson,TOR,3,2,4.24,33,0,0,2,36.1,155,31,19,17,5,16,1,2,40
464,Prelander Berroa,CHW,2,2,4.16,46,0,2,7,50.1,218,42,25,23,6,29,1,2,60
465,Wandy Peralta,SDP,3,2,3.66,53,0,2,12,52.1,225,46,23,21,5,23,1,3,49
466,Kolby Allard,PHI,1,2,4.98,18,3,0,1,30.1,130,31,18,17,6,10,1,1,28
467,Ryan Weathers,MIA,2,4,4.91,30,5,0,2,52.1,230,55,31,29,8,21,0,2,45
468,Drew Smith,NYM,3,4,4.28,54,0,1,12,55,235,49,28,26,8,23,1,3,58
469,Dillon Tate,BAL,2,2,4.12,46,0,1,10,50,212,48,25,23,5,15,1,4,40
470,Touki Toussaint,CHW,4,6,4.8,30,12,0,2,83.1,377,80,48,45,11,48,1,7,80
471,Dallas Keuchel,,2,2,5.23,7,7,0,0,34,154,40,21,20,4,14,0,1,22
472,José Cisnero,LAA,2,3,4.45,48,0,1,9,46.2,204,44,25,23,6,22,1,3,50
473,Adrian Morejon,SDP,3,2,4.41,29,2,0,2,40.2,175,40,22,20,6,16,0,1,38
474,Matthew Boyd,DET,1,1,4.47,3,3,0,0,13.2,59,13,7,7,2,5,0,1,13
475,Anthony Veneziano,KCR,1,1,4.78,14,2,0,1,25,110,26,14,13,3,10,0,1,21
476,James Kaprielian,,2,3,5.04,9,8,0,0,44,192,43,27,25,7,19,0,2,37
477,Ian Anderson,,1,1,4.47,8,3,0,0,17.2,76,17,9,9,2,8,0,0,16
478,Alec Marsh,KCR,2,4,5.24,16,8,0,1,49.2,221,50,31,29,8,23,0,3,50
479,Drew Rucinski,,3,5,4.9,16,9,0,0,55.2,242,58,33,30,9,20,0,3,43
480,Wilmer Flores,DET,1,1,4.28,11,2,0,0,16.1,70,16,8,8,2,5,0,1,14
481,Taylor Clarke,MIL,3,3,4.59,48,0,1,9,51,219,51,28,26,9,18,1,2,53
482,Manuel Rodríguez,TBR,2,1,4.01,28,0,3,4,28.1,123,26,14,13,3,13,1,1,29
483,Connor Brogdon,PHI,3,2,4.28,43,0,0,5,44.2,190,42,23,21,7,17,0,2,45
484,Michael McGreevy,STL,1,1,4.44,6,3,0,0,18.1,79,20,10,9,2,5,0,1,12
485,Tim Herrin,CLE,2,1,3.91,27,0,0,1,29.2,127,27,14,13,3,13,0,1,31
486,Shintaro Fujinami,NYM,4,4,4.87,47,1,0,8,52.2,232,47,31,29,6,29,1,3,58
487,David Festa,MIN,1,1,4.55,3,3,0,0,16.2,73,16,9,8,2,7,0,1,15
488,Brendan White,DET,1,2,4.3,23,0,0,1,26,112,26,14,12,3,9,0,2,26
489,Janson Junk,MIL,2,3,4.84,24,3,0,1,38.2,167,42,23,21,6,12,0,1,28
490,Tyler Gilbert,CIN,1,1,4.85,10,1,0,0,21,91,23,12,11,3,7,0,1,18
491,Jovani Moran,MIN,0,0,4.03,14,0,0,4,16,68,12,8,7,1,9,0,0,19
492,Victor Vodnik,COL,2,1,4.83,30,0,0,1,33.1,148,34,19,18,4,16,0,1,33
493,Lyon Richardson,CIN,1,1,4.85,13,2,0,1,22,97,21,13,12,3,11,0,1,22
494,Jake Diekman,NYM,2,2,4.11,53,0,1,10,51.1,227,43,26,24,6,32,1,3,62
495,Packy Naughton,STL,0,1,4.08,8,1,0,1,13.1,57,14,7,6,1,4,0,0,12
496,Bryse Wilson,MIL,3,3,4.41,42,2,0,6,62,263,64,33,30,9,18,1,3,48
497,Andre Jackson,,1,1,4.63,12,2,1,1,27.1,117,24,15,14,4,12,0,1,26
498,Angel Felipe,OAK,2,2,4.07,29,0,0,4,31,137,27,15,14,3,18,1,2,34
499,Erik Miller,SFG,2,2,4.38,39,0,0,3,41.1,183,37,22,20,4,24,1,2,47
500,Cade Povich,BAL,1,1,4.31,8,3,0,0,20,87,18,10,10,3,9,0,1,20
501,Sean Reid-Foley,NYM,2,2,4.23,36,0,0,5,38.2,168,33,20,18,5,21,1,2,47
502,Alex Young,CIN,2,2,4.58,42,0,1,7,42.1,185,43,23,22,7,17,1,2,38
503,Brett Martin,,1,2,4.01,21,0,0,2,21.2,92,22,10,10,2,7,1,1,17
504,Nick Sandlin,CLE,3,3,3.98,56,0,0,11,56,237,47,27,25,7,25,1,3,60
505,Cristian Mena,ARI,1,2,4.75,9,4,0,0,25.2,111,25,15,13,4,11,0,1,22
506,Anthony Maldonado,MIA,2,2,4.15,25,0,0,2,27,114,25,13,12,4,10,0,1,28
507,Luis F. Ortiz,PHI,1,1,4.48,24,0,0,1,28,120,29,15,14,3,9,0,1,24
508,Steven Wilson,SDP,2,2,4.21,52,0,0,13,53.2,227,44,27,25,8,24,1,3,58
509,Anthony Bass,,1,1,3.92,26,0,0,3,26.1,111,24,13,12,4,10,1,1,26
510,Liam Hendriks,BOS,1,1,3.65,11,0,0,1,11.1,46,10,5,5,2,3,0,0,14
511,Riley O'Brien,STL,2,2,4.19,39,0,0,4,40.2,178,37,21,19,5,20,1,2,42
512,Joey Wentz,DET,2,4,4.83,35,4,0,1,52,226,52,30,28,8,22,0,1,50
513,Antoine Kelly,TEX,1,1,4.53,18,1,0,1,21,92,19,12,11,2,10,0,1,21
514,Matt Canterino,MIN,1,1,4.64,3,3,0,0,16.1,70,15,9,8,2,7,0,0,16
515,Bowden Francis,TOR,2,1,3.92,26,1,0,1,35.2,148,31,17,16,6,11,0,2,37
516,Josh Staumont,MIN,2,2,4.44,35,0,1,3,35.1,154,31,19,17,4,19,0,2,41
517,Chase Hampton,NYY,1,1,4.72,4,3,0,0,18,78,18,10,10,3,7,0,1,17
518,J.B. Bukauskas,MIL,1,1,4.09,20,0,0,1,21.1,93,21,11,10,2,8,1,1,20
519,Colin Selby,PIT,2,2,4.59,37,1,0,4,39,173,37,22,20,4,21,1,2,41
520,Angel Perdomo,ATL,1,1,3.96,12,0,0,2,13,56,10,6,6,1,7,1,1,18
521,Bruce Zimmermann,BAL,2,2,4.56,18,4,0,1,35,151,38,19,18,6,10,0,2,29
522,Nick Mears,COL,3,3,5.01,51,0,0,5,54,245,52,33,30,7,34,1,2,57
523,Steven Cruz,KCR,1,1,4.76,39,1,0,4,41.2,187,40,24,22,5,24,0,3,43
524,Génesis Cabrera,TOR,3,2,4.28,54,0,0,12,55,236,50,28,26,7,24,2,3,55
525,Carson Spiers,CIN,2,2,5.23,23,2,0,1,32.2,144,34,21,19,5,14,0,2,29
526,Taylor Hearn,KCR,1,2,5.16,16,1,0,1,27,120,28,17,15,4,12,0,1,26
527,Carson Seymour,SFG,1,1,4.27,11,1,0,1,15.2,68,16,8,7,2,6,0,1,13
528,Carlos Hernández,KCR,2,4,4.71,49,1,0,9,56.1,245,54,32,30,8,25,1,2,57
529,Seth Martinez,HOU,2,2,4.2,42,0,0,4,46,197,43,23,21,6,18,1,3,46
530,Mitch Spence,OAK,2,2,4.13,30,1,0,1,37,158,37,18,17,5,12,1,2,32
531,Antonio Senzatela,COL,1,1,5.04,3,3,0,0,12.2,56,16,8,7,2,3,0,0,7
532,Drew Carlton,SDP,1,1,3.95,14,0,0,1,16,66,15,8,7,2,4,0,1,15
533,Brent Headrick,MIN,1,1,4.52,17,1,0,1,26.1,113,26,14,13,4,10,0,2,27
534,Ben Joyce,LAA,2,3,4.29,43,0,2,9,42.2,190,37,22,20,5,25,0,3,50
535,Davis Daniel,LAA,3,3,5,26,5,0,1,49.2,216,50,30,27,8,21,0,2,41
536,Freddy Tarnok,OAK,2,3,4.38,30,2,0,1,38.1,165,36,20,19,5,17,1,1,36
537,Eduard Bazardo,SEA,2,1,4.04,29,0,0,1,33.1,140,32,16,15,5,10,0,2,32
538,Mason Montgomery,TBR,1,1,4.79,3,3,0,0,17.2,76,17,10,9,3,7,0,1,16
539,Kris Bubic,KCR,1,1,4.83,5,3,0,0,14,63,15,8,8,2,6,0,1,13
540,Luis Frías,ARI,2,1,4.58,33,0,0,2,35.2,156,34,20,18,4,17,0,2,34
541,Alek Jacob,SDP,1,1,4.11,27,0,0,1,29.2,125,28,15,14,4,10,0,1,28
542,Derek Law,WSN,3,4,4.44,43,1,0,3,46.2,204,46,25,23,6,20,0,2,40
543,Jared Shuster,CHW,3,4,5.03,14,8,0,1,50,219,51,30,28,8,21,0,1,36
544,Darius Vines,,1,1,4.4,21,1,0,2,27.2,118,28,15,14,4,9,0,1,24
545,Tanner Rainey,WSN,2,4,4.47,52,0,6,7,51.2,224,46,28,26,8,26,1,2,58
546,Jimmy Herget,LAA,1,2,4.43,33,0,1,4,36.1,156,36,20,18,6,12,2,2,33
547,Yerry Rodríguez,TEX,1,1,4.43,25,0,0,1,26.2,115,25,14,13,3,12,1,1,28
548,Miguel Castro,ARI,4,3,4.25,57,0,2,12,54.2,236,49,28,26,6,25,1,3,54
549,Mason Thompson,WSN,2,3,4.58,40,0,0,6,42.1,187,43,23,22,5,18,1,2,36
550,Austin Adams,NYM,1,1,4.64,25,0,0,5,23.1,102,19,13,12,3,13,0,3,29
551,Richard Lovelady,,1,1,4.02,14,0,0,1,14,60,13,7,6,2,5,0,1,14
552,Josh Simpson,MIA,1,1,4.11,25,0,0,1,26,114,23,13,12,3,14,0,1,29
553,Matt Barnes,,2,2,4.62,32,0,0,4,31.1,137,30,18,16,4,14,1,2,31
554,Lou Trivino,NYY,1,2,4.22,23,0,1,1,23.1,101,22,12,11,3,10,1,1,24
555,Jackson Stephens,ATL,1,1,4.23,22,0,0,1,26.2,114,27,14,13,3,9,1,1,24
556,Greg Weissert,BOS,4,2,4.42,44,0,0,7,46.2,204,44,25,23,6,22,1,3,50
557,Keider Montero,DET,1,1,4.22,18,0,0,1,18.2,79,18,9,9,2,6,0,1,18
558,Will Dion,CLE,1,2,3.75,7,1,0,0,11,46,10,5,5,1,4,0,0,10
559,Wes Parsons,TOR,1,2,4.4,18,1,0,1,22,95,21,12,11,3,9,0,2,21
560,Brad Hand,,3,3,4.44,44,0,0,4,43,186,40,23,21,6,18,2,3,42
561,Zach Pop,TOR,1,1,4.23,22,0,0,2,23.1,100,23,12,11,3,8,0,1,20
562,Gordon Graceffo,STL,1,1,4.78,2,2,0,0,13.2,59,14,8,7,2,5,0,1,10
563,Bryce Jarvis,ARI,2,2,4.71,27,2,0,1,39.2,175,40,23,21,5,18,0,2,34
564,Ryan Rolison,COL,1,1,5.28,6,3,0,0,16,70,18,10,9,3,5,0,1,12
565,Ty Adcock,SEA,1,1,4.05,25,0,0,2,26.1,109,25,13,12,4,7,0,1,25
566,Austin Voth,SEA,2,3,4.5,38,3,0,4,51.2,223,52,28,26,8,19,1,3,49
567,Xzavion Curry,CLE,2,3,4.53,34,4,0,2,58.2,252,60,32,30,9,19,1,2,44
568,Adam Kloffenstein,STL,1,1,4.39,14,1,0,1,17,74,17,9,8,2,7,0,1,15
569,Jairo Iriarte,,1,1,4.29,19,0,0,1,21,90,18,11,10,3,10,0,1,23
570,Blayne Enlow,SFG,0,0,4.2,4,0,0,0,8.2,38,9,4,4,1,3,0,0,9
571,Yonny Chirinos,,2,3,4.9,21,4,0,1,45.1,197,49,27,25,7,14,0,3,31
572,Cole Sands,MIN,1,1,4.36,25,0,0,1,30.2,132,29,16,15,4,12,0,2,30
573,Joey Estes,OAK,2,4,4.77,23,6,0,1,49.2,214,49,29,26,8,16,2,5,41
574,Connor Overton,CIN,0,1,5.47,6,3,0,0,17.2,76,18,12,11,3,7,0,0,12
575,DJ Herz,WSN,1,1,4.49,11,1,0,0,14.2,64,13,8,7,2,8,0,1,16
576,Matt Sauer,KCR,2,3,4.76,33,2,0,2,44.2,194,44,26,24,6,19,1,3,41
577,Oliver Ortega,HOU,1,1,4.21,19,0,0,2,22,95,21,11,10,3,10,0,1,22
578,Andrew Bellatti,,1,1,4.61,23,0,0,2,23,99,21,13,12,4,10,0,1,25
579,José Quijada,LAA,1,2,4.3,18,0,1,4,18.1,79,15,10,9,2,9,1,1,21
580,Ryan Burr,PHI,1,1,4.54,13,0,0,0,15.1,66,15,8,8,2,5,0,1,13
581,Jose A. Ferrer,WSN,3,1,4.57,42,0,0,6,40.1,176,42,22,20,5,15,1,2,34
582,Mick Abel,PHI,2,2,5.1,16,4,0,1,33.1,147,32,21,19,5,17,0,2,31
583,Sammy Peralta,CHW,2,2,4.43,30,0,0,3,34,146,34,18,17,5,12,0,1,30
584,Caleb Kilian,CHC,1,1,4.6,16,2,0,1,22,96,22,12,11,3,7,0,3,18
585,Jacob Waguespack,TBR,1,1,4.26,13,0,0,1,13.2,58,13,7,6,2,5,0,1,13
586,Jose Cuas,CHC,3,2,4.26,53,0,0,9,51.2,229,50,27,25,6,24,1,4,52
587,Cade Smith,CLE,2,2,4.14,28,0,0,2,29.2,127,26,15,14,4,13,0,2,33
588,George Soriano,MIA,1,2,4.44,42,0,0,4,50.1,222,49,27,25,6,23,1,4,48
589,Dany Jiménez,OAK,2,3,4.15,53,0,7,12,53.2,229,44,27,25,7,28,2,2,57
590,Jackson Wolf,PIT,2,2,4.56,17,1,0,0,22.2,97,23,13,12,3,8,0,1,20
591,Stephen Kolek,SDP,1,1,4.42,19,0,0,1,20.2,90,20,11,10,2,8,0,1,18
592,Daulton Jefferies,SFG,0,1,4.89,1,1,0,0,5.2,24,6,3,3,1,1,0,0,4
593,Mitchell Parker,WSN,1,1,4.84,7,2,0,0,15.2,69,15,9,8,2,8,0,1,14
594,Jay Jackson,MIN,3,2,3.84,35,0,0,3,37,155,33,17,16,6,12,1,1,38
595,Ryder Ryan,PIT,1,1,4.58,13,0,0,1,13.1,56,12,7,7,1,6,0,1,13
596,Sem Robberse,STL,0,1,4.91,2,2,0,0,11,48,12,7,6,2,4,0,0,8
597,Josh Walker,NYM,1,1,4.13,16,0,0,1,15.1,65,14,8,7,2,6,0,0,16
598,Sean Newcomb,OAK,2,2,4.57,39,1,0,5,45.2,203,41,25,23,5,26,0,3,49
599,Naoyuki Uwasawa,TBR,1,1,4.58,15,1,0,1,21,90,21,12,11,3,7,0,1,18
600,Danny Young,NYM,0,0,3.62,7,0,0,0,7.2,33,7,3,3,1,3,0,1,8
601,Chayce McDermott,BAL,2,2,4.62,16,3,0,1,29,127,26,16,15,4,15,0,1,30
602,Thomas Szapucki,SFG,0,0,4.08,5,0,0,1,7.2,34,7,4,4,1,4,0,0,9
603,Mike Baumann,BAL,3,3,4.22,40,0,0,5,46.1,201,44,24,22,5,21,1,2,44
604,Ron Marinaccio,NYY,2,3,4.13,43,0,0,7,45.2,197,37,23,21,6,24,1,4,52
605,Tommy Nance,SDP,1,1,4.28,13,0,0,1,14,60,13,7,7,2,6,0,1,14
606,Jesse Scholtens,CHW,2,3,4.98,27,6,0,1,52,227,56,31,29,9,18,1,2,41
607,Ty Blach,COL,2,2,5.54,22,3,0,1,38,169,46,25,23,6,11,1,2,25
608,Cody Poteet,NYY,1,1,4.41,23,1,0,1,27.1,117,25,15,13,4,11,0,1,26
609,Víctor Arano,,1,1,4.17,13,0,0,0,13.2,59,13,7,6,2,5,0,1,14
610,Parker Mushinski,HOU,1,1,4.04,27,0,0,1,28,120,26,14,13,3,10,0,3,28
611,Spencer Howard,SFG,1,2,4.99,18,1,0,1,23.1,102,23,14,13,4,9,0,2,24
612,Penn Murfee,ATL,1,1,4.34,17,0,0,1,16.2,72,16,9,8,2,6,1,1,17
613,Daysbel Hernández,,2,1,4.37,28,0,0,2,28.1,123,26,15,14,4,14,0,1,32
614,Michael Rucker,PHI,1,1,4.66,23,0,0,1,26.1,114,26,15,14,4,10,0,1,24
615,Jimmy Cordero,,1,0,4.19,6,0,0,2,6.2,28,6,3,3,1,2,0,0,7
616,Ryan Fernandez,STL,2,2,4.16,32,0,0,2,34,146,34,17,16,5,12,0,1,30
617,Spencer Arrighetti,HOU,1,1,4.74,5,2,0,0,11.2,50,11,7,6,2,5,0,1,11
618,Carson Coleman,TEX,1,1,4.56,22,0,0,2,23,100,21,13,12,3,10,0,2,24
619,Noah Davis,COL,1,3,6,14,6,0,1,37.2,172,42,27,25,7,18,0,3,29
620,Hogan Harris,,1,2,4.86,21,1,0,1,31,135,29,18,17,4,14,0,2,29
621,Jake Eder,CHW,1,1,5.02,3,3,0,0,14,62,14,9,8,2,7,0,1,12
622,Andrew Vasquez,DET,1,1,4.21,16,0,0,1,17,75,16,9,8,2,8,0,2,16
623,Calvin Faucher,MIA,2,2,4.95,29,1,0,2,32.1,144,34,19,18,4,15,0,1,32
624,Jarlín García,,1,2,4.08,28,0,0,1,29.2,125,28,15,14,5,9,1,1,27
625,Kirby Yates,TEX,3,4,4.17,59,0,2,13,58.2,253,49,30,27,9,31,1,3,71
626,Hunter Stratton,PIT,1,1,4.41,16,0,0,2,17,75,16,9,8,2,9,0,1,17
627,Justin Slaten,NYM,2,2,4.98,37,0,0,5,41,181,41,25,23,6,19,1,2,45
628,Brad Keller,,2,3,5.11,10,7,0,0,38,174,40,23,22,5,22,0,2,28
629,Jorge López,NYM,3,3,4.41,48,1,1,8,53,229,52,28,26,7,20,2,4,50
630,Tucker Davidson,BAL,1,2,4.65,21,1,0,2,24,105,24,13,12,3,10,1,1,21
631,R.J. Dabovich,SFG,1,1,4.39,23,0,0,2,23.2,103,21,13,12,3,12,0,1,25
632,Darren McCaughan,MIA,1,1,4.65,11,0,0,1,14.1,62,15,8,7,2,4,0,1,12
633,Jack Leiter,TEX,0,1,5.24,3,3,0,0,14.2,65,14,9,9,3,8,0,1,14
634,Landon Knack,,1,1,4.35,11,0,0,0,14.2,63,14,8,7,2,4,0,1,14
635,Braxton Ashcraft,PIT,1,1,4.4,14,0,0,1,15.1,66,15,8,8,2,5,0,1,14
636,Davis Martin,CHW,0,1,5.11,3,1,0,0,7.1,31,8,5,4,1,2,0,0,6
637,Zak Kent,TEX,0,0,4.31,8,0,0,1,9,39,9,5,4,1,3,0,0,8
638,Grant Hartwig,NYM,3,2,4.55,23,0,0,1,25.1,112,25,14,13,3,12,1,2,24
639,Tyler Samaniego,PIT,1,1,4.47,18,0,0,2,18,80,18,10,9,2,9,0,1,15
640,Colby White,TBR,1,1,4.43,28,0,0,1,27.1,119,25,15,13,4,14,0,1,30
641,Ben Heller,PIT,1,1,4.52,19,0,0,3,20,88,20,11,10,2,8,0,2,19
642,Jacob Misiorowski,MIL,1,1,4.6,19,1,0,1,24,105,20,13,12,3,13,0,2,27
643,Randy Dobnak,MIN,1,1,4.44,9,0,0,1,12.1,56,14,7,6,1,5,0,1,9
644,Blake Walston,ARI,1,1,5.15,3,3,0,0,14.2,64,15,9,8,2,6,0,1,10
645,Tyson Miller,SEA,1,1,4.26,15,0,0,1,17,73,16,9,8,2,6,0,1,16
646,Zach McAllister,,1,1,4.72,30,0,0,4,29.1,127,28,17,15,5,12,0,2,30
647,Ben Lively,CLE,3,4,4.67,34,4,0,1,55.1,238,57,31,29,9,17,1,3,49
648,Patrick Monteverde,MIA,1,2,4.78,15,2,0,1,24.2,107,26,14,13,4,9,0,1,20
649,Austin Pruitt,TEX,1,2,4.57,21,1,0,2,24.1,103,25,13,12,4,6,0,1,18
650,Ethan Roberts,CHC,1,1,4.17,11,0,0,1,11.1,49,11,6,5,1,4,0,1,11
651,Will Klein,KCR,1,1,4.91,15,0,0,1,16.2,75,17,10,9,2,9,0,1,17
652,Francisco Pérez,,0,0,4.28,5,0,0,0,5.1,23,5,3,3,0,3,0,0,5
653,Anthony Gose,CLE,1,1,3.84,12,0,0,1,12,52,10,6,5,2,7,0,1,15
654,Nick Frasso,,0,0,4.09,3,1,0,0,5.1,22,4,3,2,1,2,0,0,6
655,Jeff Criswell,COL,0,1,5.71,2,2,0,0,7.2,34,8,5,5,1,3,0,0,6
656,Rob Zastryzny,MIL,0,0,4.61,9,0,0,1,9,39,9,5,5,1,4,0,0,8
657,Anthony Misiewicz,NYY,1,1,4.59,16,0,0,1,16.2,71,17,9,8,3,6,0,0,15
658,Pierson Ohl,MIN,1,1,4.3,11,0,0,1,11.2,49,12,6,6,2,2,0,1,9
659,Cole Sulser,NYM,1,1,4.49,14,0,1,2,15.2,67,15,8,8,2,6,0,0,16
660,Brandon Bielak,HOU,3,3,4.28,31,3,0,3,46.1,202,46,24,22,6,19,0,3,40
661,Thomas Hatch,PIT,1,1,5.38,11,1,0,3,15.2,73,20,10,9,2,7,0,1,14
662,T.J. Brock,TOR,1,1,4.18,9,0,0,1,9,38,8,4,4,1,4,0,1,9
663,Diego Castillo,TEX,1,1,4.54,17,0,1,2,17.2,76,16,10,9,2,8,0,1,16
664,Yerry De Los Santos,NYY,1,1,4.21,15,0,0,2,15.2,68,15,8,7,2,7,1,1,14
665,Jonathan Bowlan,KCR,1,2,4.69,13,2,0,0,16,71,17,9,8,2,6,0,1,13
666,Evan Justice,COL,2,2,5.17,34,0,0,2,32.2,149,32,20,19,4,20,0,2,36
667,Cody Laweryson,MIN,1,1,4.48,12,0,0,1,12.2,54,13,7,6,2,4,0,1,12
668,Tayler Saucedo,SEA,3,2,4.04,53,0,0,6,51.1,223,48,25,23,5,22,1,3,48
669,Joe La Sorsa,WSN,1,1,4.51,18,0,0,1,20,87,21,11,10,3,6,0,1,15
670,Connor Cooke,TOR,0,0,4.14,6,0,0,1,6.2,28,6,3,3,1,2,0,0,7
671,Nick Snyder,PHI,0,0,4.54,6,0,0,1,6,26,6,3,3,1,3,0,0,6
672,Codi Heuer,,1,1,4.36,20,0,0,1,20.2,88,20,11,10,3,8,1,1,18
673,Easton Lucas,OAK,0,0,4.51,10,0,0,1,11.2,50,11,6,6,2,4,1,0,10
674,Matt Wisler,,1,1,3.9,8,1,0,1,9.1,39,8,4,4,1,4,0,0,8
675,Mark Melancon,,1,2,4.42,18,0,2,0,18.1,80,20,10,9,2,7,1,1,13
676,Royber Salinas,OAK,0,1,4.06,7,0,0,0,8.1,35,7,4,4,1,4,0,0,9
677,Michael Tonkin,NYM,3,2,4.38,39,0,0,3,45,189,41,24,22,7,16,1,2,45
678,Blair Calvo,DET,0,0,4.92,6,0,0,1,6.2,28,6,4,4,0,3,0,0,4
679,Justin Martinez,ARI,1,1,4.51,27,0,0,1,27.1,123,23,15,14,3,18,1,2,33
680,Richard Fitts,BOS,1,0,4.9,1,1,0,0,6.1,27,7,4,3,1,2,0,0,5
681,Brooks Kriske,CIN,0,0,4.75,7,0,0,1,7.1,31,6,4,4,1,4,0,0,8
682,Wilking Rodríguez,STL,0,0,4.35,9,0,0,0,9.2,42,10,5,5,1,4,0,0,9
683,Griff McGarry,PHI,0,0,4.85,9,1,0,1,13,57,11,8,7,2,8,0,1,13
684,José Ruiz,PHI,1,1,4.65,21,0,0,2,23,100,22,13,12,4,10,0,1,23
685,Justin Wilson,,1,1,4.38,11,0,0,1,11,48,11,6,5,2,4,0,0,11
686,James Naile,,1,1,4.8,13,0,0,1,16.1,72,19,9,9,2,6,0,1,12
687,Austin Pope,ARI,1,1,4.49,11,0,0,1,11.2,50,12,6,6,1,5,0,1,11
688,Owen White,TEX,2,4,5.08,22,6,0,1,49.1,216,50,30,28,8,21,0,2,41
689,Zach Brzykcy,WSN,1,1,4.57,16,0,0,1,16.1,71,15,9,8,2,8,0,1,16
690,Tyler Duffey,,1,1,4.52,23,0,0,2,25.1,111,25,14,13,4,11,0,1,23
691,Ryan Bergert,SDP,0,1,4.78,2,2,0,0,8,35,7,5,4,2,4,0,0,7
692,Bailey Horn,CHW,1,0,4.85,6,0,0,0,8,35,8,5,4,1,4,0,0,8
693,Chasen Shreve,TEX,1,1,4.59,21,0,0,3,21.1,92,21,12,11,3,8,0,1,21
694,Trevor Brigden,TBR,1,1,4.35,13,0,0,1,14.1,61,13,8,7,2,5,0,1,14
695,Kade McClure,,1,1,4.57,14,0,0,1,14.1,62,15,8,7,2,5,0,1,11
696,Tim Cate,WSN,1,1,4.68,10,0,0,1,10.1,46,11,6,5,1,4,0,0,8
697,Hayden Juenger,TOR,1,1,4.35,12,0,0,1,12,51,11,6,6,2,5,0,1,12
698,Bryan Hoeing,MIA,2,2,4.89,30,2,0,2,39.1,170,42,23,21,6,12,1,2,29
699,Noah Skirrow,PHI,0,0,5.85,1,1,0,0,6,27,7,4,4,1,2,0,0,4
700,Dinelson Lamet,LAD,1,1,5.28,11,0,0,1,11.2,52,12,8,7,2,6,0,1,13
701,Roddery Muñoz,MIA,1,1,4.52,15,0,0,1,15,67,15,8,8,2,7,0,1,14
702,Kyle Crick,NYM,1,1,4.27,16,0,0,4,15.2,67,12,8,7,2,8,0,1,16
703,Glenn Otto,SDP,1,2,4.6,22,1,0,2,29.1,127,27,16,15,4,14,0,2,28
704,Matt Andriese,MIA,0,0,4.62,6,0,0,1,6,26,7,3,3,1,2,0,0,5
705,Jordan Weems,WSN,3,3,4.57,57,0,0,10,61,264,55,34,31,9,29,3,3,63
706,Jhonathan Diaz,,1,1,4.38,14,1,0,2,18,80,18,10,9,2,8,0,2,15
707,Max Kranick,NYM,1,1,4.43,15,0,0,2,15.1,66,15,8,8,2,5,0,1,14
708,David Parkinson,PHI,1,1,5.07,4,1,0,0,8.1,37,9,5,5,2,3,0,0,6
709,Luis Perdomo,,1,1,4.68,19,0,0,1,19.1,84,20,11,10,3,7,0,1,15
710,Nick Vespi,BAL,2,1,4.16,23,0,0,1,26,111,26,13,12,4,9,1,1,23
711,Alex Reyes,,1,1,4.48,12,0,0,0,12.1,54,10,7,6,2,7,0,1,14
712,Trey Wingenter,DET,1,1,4.62,25,0,0,1,25,109,24,14,13,3,11,0,2,28
713,Marc Church,TEX,3,2,4.51,29,0,0,1,31.2,139,30,17,16,5,15,0,1,33
714,Matt Gage,LAD,1,1,4.19,19,0,0,1,20.2,91,20,11,10,3,9,1,1,20
715,Brett Kerry,LAA,0,1,5.41,1,1,0,0,6.1,27,7,4,4,1,2,0,0,4
716,Jay Groome,,1,2,4.96,9,3,0,1,21.2,97,22,13,12,3,11,0,1,18
717,Alex Speas,CHW,1,6,4.6,31,0,0,4,31.1,139,27,17,16,4,19,3,1,37
718,Adrian Sampson,,0,1,3.91,2,1,0,0,6.2,30,7,3,3,1,3,0,0,5
719,Ken Giles,ATL,1,1,5.09,15,0,0,1,14.2,66,15,9,8,2,8,0,1,17
720,Nic Enright,CLE,1,1,4.28,9,0,0,1,8.2,37,8,5,4,1,3,0,0,8
721,Reed Garrett,NYM,1,1,4.72,13,0,0,1,14.1,64,15,8,8,2,7,0,1,13
722,Austin Schulfer,MIN,0,0,4.84,5,0,0,0,5.1,23,5,3,3,1,2,0,0,5
723,Corey Knebel,,2,2,4.31,26,0,4,1,25.2,112,23,13,12,3,13,1,1,26
724,Michael Kelly,OAK,2,2,4.3,32,0,0,1,34.1,151,32,18,16,4,18,0,2,36
725,Bryan Mata,BOS,2,4,4.88,36,4,0,3,55.1,253,56,33,30,6,34,0,3,51
726,Ronny Henriquez,MIN,0,1,4.67,8,0,0,1,9.1,42,9,5,5,1,4,0,1,8
727,Colton Gordon,HOU,1,0,4.27,7,0,0,1,6.2,28,6,3,3,1,2,0,0,6
728,Shawn Dubin,HOU,1,1,4.24,18,0,0,1,23.1,102,21,12,11,3,11,0,1,25
729,Jacob Barnes,WSN,0,1,5.07,14,0,0,1,15.1,67,16,9,9,2,6,0,1,12
730,Frank German,BOS,0,0,5.09,6,0,0,0,6.2,29,7,4,4,1,3,0,0,7
731,Cody Bolton,SEA,1,1,4.54,17,0,0,1,20,87,19,11,10,2,8,0,1,19
732,Michael Plassmeyer,PIT,0,1,4.48,10,0,0,1,12,52,12,6,6,2,4,0,2,10
733,Justin Bruihl,,1,1,4.76,9,0,0,1,9.2,42,10,6,5,1,4,0,1,8
734,Lucas Luetge,BOS,1,1,4.5,14,0,0,1,15.1,67,16,8,8,2,5,0,1,14
735,Randy Rodríguez,SFG,1,1,4.73,22,0,0,1,23.2,107,21,14,12,2,15,0,2,25
736,Ryan Loutos,STL,1,1,4.46,31,0,0,2,31.2,138,32,17,16,4,13,0,1,26
737,José Castillo,ARI,0,0,4.68,7,0,0,1,6.1,29,6,4,3,1,3,0,1,7
738,Sam Long,KCR,1,0,4.96,8,0,0,1,12.1,55,13,7,7,1,5,0,0,9
739,Dugan Darnell,COL,0,1,5.24,8,0,0,1,7.2,34,8,5,5,1,3,0,0,7
740,Dennis Santana,NYY,1,1,4.64,21,0,0,4,22.1,98,21,13,12,3,11,0,1,22
741,Austin Cox,KCR,0,1,4.64,14,0,0,2,15,66,15,8,8,2,6,0,1,12
742,Sam Bachman,LAA,2,2,4.71,25,1,0,2,31.1,141,31,18,16,4,17,1,2,27
743,Shane Drohan,CHW,2,2,4.62,26,1,0,2,28,122,27,16,14,4,13,1,1,26
744,Devin Sweet,,0,0,4.63,11,0,0,1,11.2,50,12,6,6,2,4,0,1,10
745,Jake Cousins,CHW,1,1,4.2,16,0,0,1,16.2,73,15,8,8,2,9,0,1,18
746,Matt Bush,,1,1,4.42,23,0,0,2,23.2,100,21,13,12,4,9,0,1,25
747,Grant Holmes,ATL,0,0,4.77,7,0,0,1,7,31,7,4,4,1,3,0,0,7
748,Spenser Watkins,WSN,1,2,5.79,7,2,0,0,20.2,94,25,15,13,3,8,0,1,14
749,Michael Mercado,PHI,0,0,4.78,6,0,0,0,7.1,32,7,4,4,1,3,0,0,7
750,Nicholas Padilla,CHW,1,2,4.6,14,0,0,1,16.1,75,17,9,8,2,10,0,1,16
751,Chris Rodriguez,ARI,0,1,4.46,13,0,0,1,13.1,60,13,7,7,2,7,0,1,12
752,Danny Duffy,,1,1,4.61,16,1,0,1,20.1,89,19,11,10,3,11,0,1,20
753,Dan Altavilla,KCR,1,1,4.81,14,0,0,1,14.1,64,14,8,8,2,7,0,1,14
754,Erich Uelmen,PHI,0,0,5.56,6,0,0,0,7,32,8,5,4,1,4,0,1,6
755,Zach McCambley,MIA,0,1,4.75,6,0,0,1,6.2,29,7,4,3,1,3,0,0,6
756,Yosver Zulueta,TOR,1,1,4.39,21,0,0,1,21.2,97,20,12,11,3,12,0,2,22
757,Max Castillo,PHI,0,1,4.83,15,0,0,1,19,82,20,11,10,3,6,0,1,15
758,Denyi Reyes,NYM,1,1,5.01,18,2,0,3,28.2,125,32,17,16,5,9,0,1,22
759,Geoff Hartlieb,COL,1,1,5.29,13,0,0,2,14.2,66,16,9,9,2,7,0,1,12
760,Kyle Nicolas,PIT,1,1,4.7,25,0,0,3,27.2,122,26,16,14,4,14,0,2,29
761,Vladimir Gutierrez,MIA,1,1,5.63,11,3,0,0,21.1,96,23,14,13,4,10,1,2,16
762,Jordan Balazovic,,0,0,4.53,14,0,0,2,16,71,16,9,8,2,8,0,1,15
763,Carl Edwards Jr.,,2,1,4.23,24,0,1,5,25.1,110,24,13,12,3,11,1,1,22
764,Josh Winder,MIN,2,2,4.57,24,1,0,1,31.2,138,33,17,16,4,12,0,1,27
765,Jacob Webb,BAL,3,3,4.3,51,0,0,10,53,230,48,28,25,7,25,2,3,53
766,Drew Pomeranz,,1,1,4.64,14,0,0,1,13.2,60,13,8,7,2,7,0,1,14
767,Dylan Covey,PHI,2,2,4.46,32,0,0,2,40.1,178,42,22,20,5,17,1,2,30
768,Kevin Kopps,SDP,0,0,4.54,10,0,0,1,10.1,46,10,6,5,1,5,0,1,9
769,Amir Garrett,SFG,1,2,4.42,43,0,0,5,42.1,188,37,23,21,5,25,1,2,48
770,Yohan Ramírez,NYM,1,1,4.36,23,0,0,1,25.1,112,23,13,12,3,13,1,3,25
771,Logan Gillaspie,SDP,1,1,4.47,14,0,0,2,13.2,59,14,7,7,2,4,0,1,12
772,Matt Foster,CHW,0,0,4.7,13,0,0,2,13.1,57,13,8,7,2,5,0,0,13
773,Erik Sabrowski,CLE,1,1,4.48,9,0,0,1,9.1,41,8,5,5,1,5,0,0,9
774,Ricky Vanasco,,1,1,4.49,17,0,0,1,17.2,77,17,10,9,2,8,0,1,17
775,Tayler Scott,HOU,0,0,4.52,11,0,0,1,11,48,11,6,6,2,5,0,1,11
776,Colten Brewer,CHC,0,0,4.81,5,0,0,1,6,27,6,4,3,1,3,0,0,5
777,Duane Underwood Jr.,NYY,1,1,4.85,18,0,0,3,20.1,88,21,12,11,3,8,0,1,16
778,Christian Roa,CIN,1,1,4.85,12,0,0,1,13.2,61,13,8,7,2,8,0,1,15
779,Gus Varland,LAD,2,2,4.94,23,0,0,1,26.2,117,27,16,15,4,12,1,1,26
780,Casey Legumina,CIN,1,1,5.02,25,0,0,1,27.2,123,30,17,15,5,12,0,1,26
781,Chih-Jung Liu,BOS,0,0,4.93,6,0,0,1,6.1,28,6,4,3,1,3,0,0,6
782,Madison Bumgarner,,2,5,5.57,10,10,0,0,52.1,232,59,35,32,10,19,0,3,35
783,Drew Hutchison,,1,1,4.96,4,2,0,0,14.1,64,15,9,8,2,6,0,1,9
784,Clayton Andrews,NYY,1,1,4.64,16,0,0,2,16.1,71,15,9,8,2,8,0,1,18
785,Cody Morris,NYY,2,1,4.14,31,0,0,3,37,160,33,18,17,5,18,0,1,40
786,Joe Jacques,BOS,1,1,4.66,23,0,0,1,24.2,109,26,14,13,3,10,1,2,19
787,Juan Then,CHW,0,0,5.16,5,0,0,0,5.2,26,7,3,3,1,2,0,0,4
788,Austin Davis,SDP,0,0,5.48,6,0,0,1,7.1,33,6,5,5,1,4,0,0,7
789,Luke Albright,ARI,0,0,5.42,1,1,0,0,6.1,28,7,4,4,1,3,0,0,5
790,Yoendrys Gómez,,1,0,4.33,14,0,0,1,15.2,69,14,8,8,2,7,0,2,16
791,Mauricio Llovera,SEA,2,2,4.4,28,0,0,2,31.2,135,30,17,15,4,12,2,2,30
792,Kyle Muller,OAK,2,4,5,39,5,0,3,61.1,273,64,37,34,8,29,1,2,52
793,Wander Suero,HOU,1,1,4.7,16,0,0,1,16.1,71,16,9,9,2,7,0,1,15
794,Dylan Dodd,,1,1,5.4,10,3,0,0,23,103,27,15,14,4,8,0,1,17
795,Brandon Hughes,ARI,1,1,4.18,15,0,0,1,15.1,65,14,8,7,2,6,1,1,17
796,Josh James,STL,0,0,4.88,8,0,0,1,8,35,8,5,4,1,4,0,0,8
797,Rony García,,1,1,5.03,7,1,0,1,12.1,54,12,8,7,2,5,0,1,11
798,Joel Kuhnel,HOU,1,1,5.11,12,0,0,1,14,61,16,9,8,2,4,1,1,10
799,Jeurys Familia,,1,1,4.92,17,0,0,1,17,76,17,10,9,2,9,0,1,15
800,John Curtiss,,1,1,5.14,18,0,0,1,19.2,85,21,12,11,4,8,0,1,17
801,Jordan Leasure,CHW,2,2,4.43,36,0,2,2,37,159,34,20,18,6,17,0,1,39
802,Matt Festa,SDP,0,0,4.3,13,0,0,1,13.1,57,11,7,6,2,6,0,1,14
803,Daniel Castano,,0,0,5.35,3,1,0,0,8.1,38,10,5,5,2,3,0,0,6
804,Kolton Ingram,,1,1,4.46,17,0,0,1,18.1,80,17,10,9,2,9,0,1,17
805,Logan Sawyer,STL,0,1,4.88,9,0,0,1,9,39,9,5,5,1,4,0,0,7
806,Shane Greene,TEX,0,0,4.76,13,0,2,2,16.1,71,16,9,9,2,8,0,1,16
807,Tyler Matzek,ATL,2,2,4.21,38,0,0,7,38.2,170,34,20,18,5,22,1,2,40
808,Guillermo Zuñiga,LAA,1,1,4.78,25,0,0,1,26,114,25,15,14,4,13,0,1,27
809,Forrest Whitley,HOU,1,1,4.61,21,0,0,1,24,105,22,13,12,3,12,0,1,24
810,Jorge Alcala,MIN,2,3,4.43,34,0,0,4,37.2,160,34,20,19,6,15,0,2,38
811,Wil Crowe,,1,2,4.94,18,1,0,2,21.1,95,21,13,12,3,11,1,1,19
812,Jake Brentz,KCR,1,2,5.26,26,0,0,4,25.1,114,23,16,15,3,16,0,2,28
813,Taylor Lehman,PHI,1,1,4.94,12,0,0,1,11.2,53,12,7,6,2,6,0,0,10
814,Andrew Wantz,LAA,2,1,4.53,38,0,0,5,42,182,40,23,21,7,18,1,2,41
815,Justin Yeager,MIL,1,1,4.66,13,0,0,1,13,57,12,7,7,2,8,0,1,14
816,Zack Kelly,BOS,2,1,4.63,31,0,0,2,32,143,31,18,16,4,16,0,3,30
817,Keegan Thompson,CHC,2,1,4.52,28,1,0,2,34.2,153,33,19,17,5,17,0,2,33
818,Brad Boxberger,,2,2,4.42,44,0,1,6,43,184,38,23,21,6,19,1,2,42
819,Nabil Crismatt,LAD,1,1,4.64,14,0,0,1,17,74,18,10,9,3,6,0,1,15
820,Chad Smith,NYM,1,1,4.63,11,0,0,1,13.1,60,12,7,7,2,8,0,1,13
821,Dylan Coleman,HOU,2,2,4.38,35,0,0,5,34.2,156,29,18,17,4,23,1,3,39
822,Ryan Tepera,,1,2,4.41,23,0,1,3,23.1,100,22,12,11,3,9,1,2,22
823,Matt Krook,BAL,0,0,4.61,16,0,0,1,17,76,15,9,9,2,10,0,1,17
824,Gavin Hollowell,COL,2,2,5.29,43,0,1,5,48,212,48,31,28,8,20,1,4,48
825,Alan Busenitz,CIN,0,1,5.23,9,0,0,1,9.1,41,10,6,5,2,4,0,0,8
826,Kaleb Ort,BAL,1,1,4.98,20,0,0,1,20.2,91,21,12,11,3,9,1,1,21
827,Lane Ramsey,,2,2,4.78,25,0,0,4,25.2,118,28,15,14,3,15,0,1,24
828,Elieser Hernández,,1,2,4.71,19,1,0,1,22.1,94,21,13,12,5,7,0,1,23
829,Wily Peralta,PIT,0,0,4.08,6,0,0,1,9.2,43,10,5,4,1,5,0,0,7
830,Robert Gsellman,WSN,0,0,5.41,11,0,0,1,11.2,52,13,8,7,2,5,0,1,9
831,Kelvin Caceres,LAA,2,1,4.79,28,0,0,2,26.1,119,24,15,14,3,17,0,2,28
832,Heath Hembree,,0,1,5.34,6,0,0,1,6.1,27,6,4,4,1,3,0,0,7
833,Luis Cessa,KCR,0,1,5.57,7,1,0,0,11.2,54,15,8,7,2,5,0,0,7
834,Hunter Strickland,LAA,1,1,4.92,15,0,0,1,15,66,14,9,8,2,7,0,1,14
835,Erasmo Ramírez,TBR,1,1,4.67,19,0,0,1,27,116,30,15,14,4,7,0,1,21
836,Adam Kolarek,LAA,1,1,4.63,17,0,0,1,18.1,84,19,10,9,2,9,0,2,14
837,Karl Kauffmann,COL,0,1,6.9,6,1,0,1,12.1,58,15,10,9,2,6,0,1,7
838,Corbin Martin,ARI,1,1,4.76,23,0,0,1,25.1,112,26,15,13,4,12,0,1,24
839,Austin Warren,SFG,1,1,4.57,17,0,0,1,17,74,17,9,9,3,7,0,1,15
840,Cam Sanders,CHC,1,0,4.86,8,0,0,1,9,41,8,5,5,1,7,0,1,10
841,Vinny Nittoli,OAK,1,1,4.38,25,0,0,1,27.2,121,27,15,14,4,10,0,3,26
842,Brendon Little,TOR,1,1,4.45,11,0,0,0,12.1,55,12,7,6,2,6,0,2,11
843,Carlos Vargas,SEA,1,1,4.18,27,0,0,1,27.2,124,27,14,13,3,14,0,3,27
844,Kirby Snead,,1,2,4.7,19,0,0,3,18.1,83,20,10,9,2,9,1,1,15
845,Victor Mederos,LAA,0,1,4.84,10,0,0,0,13,58,13,8,7,2,6,0,1,12
846,Chase Anderson,PIT,1,2,5.26,16,2,0,1,23.2,104,25,15,14,4,10,0,2,19
847,Adam Cimber,LAA,2,3,4.61,44,0,1,7,43.2,187,45,24,22,6,12,1,4,32
848,Albert Abreu,,0,0,4.63,9,0,0,1,12.1,54,11,7,6,2,7,0,1,12
849,Zack Weiss,MIN,1,1,4.71,20,0,0,1,21.1,94,21,12,11,3,11,1,1,23
850,Zach Logue,ATL,1,1,6.01,6,1,0,0,13,58,15,9,9,3,5,0,0,10
851,Daniel Duarte,,2,0,4.37,22,0,1,2,22.1,97,19,12,11,3,12,0,1,19
852,Jake Woodford,CHW,1,2,4.73,19,1,0,1,25.1,111,27,14,13,4,10,0,1,19
853,José Marte,LAA,1,0,5.22,13,0,0,2,12.2,58,12,8,7,2,9,0,0,13
854,Joe Barlow,,1,1,4.44,13,0,0,1,12,52,12,6,6,2,5,0,0,10
855,Nick Wittgren,,1,1,4.92,22,0,0,1,23,100,24,14,13,3,8,0,2,17
856,Trevor Kelley,SEA,0,1,5.1,12,1,0,1,13.1,58,13,8,8,3,5,1,1,11
857,Jimmy Nelson,,1,1,5.3,19,0,0,0,19.1,87,18,12,11,3,12,0,2,21
858,Riley Pint,COL,1,1,5.45,20,0,0,2,16,77,16,11,10,2,14,0,1,16
859,Ronel Blanco,HOU,3,2,4.43,40,2,0,5,49.2,216,46,27,25,8,23,1,3,51
860,Tony Santillan,CIN,1,1,5.12,24,0,0,2,25.1,116,25,16,14,4,16,3,2,26
861,Brent Honeywell,PIT,1,2,4.94,25,0,0,2,29.2,130,31,18,16,5,12,0,2,26
862,Jaime Barria,CLE,1,2,4.78,18,1,0,1,30.1,130,32,17,16,5,9,1,1,22
863,Daniel Bard,COL,3,3,4.84,48,0,2,7,50,230,46,29,27,6,35,2,4,50
864,Joey Krehbiel,SEA,0,0,4.85,8,0,0,1,8,36,8,5,4,1,4,0,0,7
865,Peyton Battenfield,NYM,0,3,5.07,10,2,0,0,19.2,85,20,12,11,4,7,0,1,15
866,Matt Carasiti,COL,1,1,5.43,20,0,0,4,22.2,104,27,15,14,3,11,0,1,17
867,McKinley Moore,NYY,1,1,4.71,16,0,0,1,17,77,15,10,9,3,10,0,3,18
868,José Ureña,TEX,1,2,5.09,19,2,0,1,27.1,122,31,17,16,5,11,0,1,20
869,Sean Reynolds,,1,1,5.07,19,0,0,1,19.2,88,18,12,11,3,11,0,1,19
870,Andrés Machado,,1,1,4.56,27,0,0,3,31,133,31,17,16,5,11,1,2,27
871,Justin Dunn,,1,2,5.49,4,4,0,0,20,89,19,13,12,4,10,0,1,16
872,Cory Abbott,,1,1,5.19,10,2,0,1,19,84,18,12,11,4,9,0,1,19
873,Mychal Givens,,2,3,4.53,36,0,1,6,33.1,147,31,18,17,5,16,3,3,33
874,Cole Winn,TEX,2,2,5.38,16,1,0,1,22.1,104,23,15,13,3,14,0,1,20
875,Garrett Hill,DET,1,1,4.83,17,0,0,2,20.1,91,20,12,11,3,11,0,1,19
876,Jeremiah Estrada,SDP,1,1,4.5,24,0,0,1,24.1,107,21,13,12,4,14,1,1,28
877,Levi Stoudt,SEA,1,1,5.41,11,1,0,1,16.2,75,18,11,10,3,8,0,1,13
878,Jeff Brigham,,1,2,4.77,26,0,0,4,28,119,24,16,15,5,13,0,2,30
879,Sam Coonrod,,1,1,5.13,31,0,0,3,28.2,130,28,18,16,3,15,0,4,27
880,Hunter Gaddis,CLE,2,2,5.28,16,3,0,1,32.1,141,34,21,19,6,12,0,2,25
881,Trent Thornton,SEA,3,3,4.1,46,0,0,8,54,233,53,27,25,8,21,1,2,47
882,Dominic Leone,,1,2,4.53,32,0,0,3,32.2,142,31,18,16,5,15,1,1,33
883,Stephen Nogosek,WSN,0,1,4.64,10,0,0,0,19,84,19,11,10,4,8,0,1,18
884,Ricky Karcher,ARI,1,1,5.24,14,0,0,0,15.2,73,12,10,9,2,15,0,1,16
885,Adrián Martínez,,1,4,4.75,33,1,0,2,43.2,192,47,25,23,6,16,1,3,36
886,Drew VerHagen,,3,1,4.64,35,0,0,6,37.2,164,36,21,19,6,16,1,3,35
887,Amos Willingham,WSN,1,1,5.19,24,0,0,1,27,118,29,17,16,5,9,1,1,21
888,Declan Cronin,MIA,1,1,5.16,21,0,0,2,22.1,101,25,14,13,3,9,0,2,16
889,Jonathan Heasley,BAL,1,2,5.13,19,1,0,1,26.2,116,28,16,15,5,10,0,1,20
890,Mason Englert,DET,2,2,5,21,0,0,1,27.2,121,30,17,15,5,9,0,1,23
891,Devin Smeltzer,MIA,1,1,4.96,9,1,0,1,15.2,70,17,9,9,3,6,0,1,11
892,Justin Garza,,1,0,5.38,11,0,0,1,14,63,15,9,8,2,7,0,1,12
893,Hobie Harris,MIN,1,1,5.46,12,0,0,0,14.1,69,18,10,9,2,8,0,1,11
894,Luis Patiño,SDP,2,3,5.02,29,3,0,2,44.2,200,45,27,25,7,24,1,2,36
895,Adam Oller,CLE,1,2,5.58,15,1,0,1,23.1,104,25,16,14,4,11,0,1,19
896,Tim Hill,CHW,2,3,4.83,53,0,1,11,49.2,218,54,29,27,6,16,1,4,32
897,Tyler Beede,,1,1,5.27,15,0,0,1,17.1,80,19,11,10,2,9,0,2,13
898,Chad Kuhl,CHW,1,2,5.35,25,2,0,1,31,139,31,20,19,6,15,1,2,28
899,Matt Koch,COL,2,1,5.72,25,0,0,4,25.1,112,29,18,16,5,9,0,1,19
900,Matt Bowman,,1,1,4.98,21,0,0,3,22,98,23,13,12,4,10,1,1,18
901,Jackson Kowar,SEA,2,2,5.16,35,0,0,3,42,191,44,26,24,6,22,0,2,42
902,Jimmy Lambert,CHW,2,3,4.9,46,1,3,8,50.2,224,50,30,28,9,26,2,2,51
903,Casey Lawrence,,1,1,5.84,12,0,0,3,18.2,83,22,13,12,4,6,1,1,14
904,Collin Snider,SEA,1,1,5.09,23,0,0,3,23.2,107,25,15,13,3,13,0,1,16
905,Chase De Jong,,1,1,5.3,11,1,0,1,22,97,22,14,13,5,10,0,2,18
906,Bryan Shaw,CHW,3,2,4.78,50,0,1,6,52.1,234,50,30,28,7,28,1,4,46
907,Thaddeus Ward,WSN,1,1,5.23,35,0,0,2,39.1,177,38,25,23,6,23,1,2,35
908,Deivi García,CHW,2,4,5.28,47,1,1,7,58.2,267,58,37,34,11,35,1,4,55